SMILES,Cls
CC1=C(C(=NO1)C)CN2C(=O)C(NC2=O)(CC3=CC=CC=C3)CC4=CC=CC=C4,0
CN1CC[N+]2=C1SC=C2CN3C(=O)C4=CC=CC=C4C3=O.[I-],0
CC1=CC(=NC(=N1)N2CCOCC2)OC3=CC=CC=C3,0
CC(C)CCN1C2=C(N=C1N3CCOCC3)N(C(=O)N(C2=O)CC(=O)N)C,0
CCN(C1CCS(=O)(=O)C1)C(=O)CN2C3=CC=CC=C3OC2=O,0
CC1=C2C(=N)N(C(=NC2=NN1)SCC(=O)NC3=CC(=CC=C3)OC)C4=CC(=CC=C4)OC,0
CC1=C(C=C(C(=N1)NCC2=C(C=C(C=C2)Cl)Cl)C#N)C(=O)OC,0
CC1=C(C(=NO1)C)COC(=O)CCOC2=CC=C(C=C2)OC,0
CC1=CC=C(C=C1)C2=NN(N=N2)CC(=O)NC3CC4CCC3C4,0
CC1=CC=C(C=C1)C2=NN(C(=C2)N)C3=CC=C(C=C3)C,0
C1=COC(=C1)CN2C(=NN=C2SCC(=O)NC3=NC=CS3)C4=CC=NC=C4,0
COC1=CC(=CC(=C1)C(=O)NCCN2CCOCC2)OC.C(=O)(C(=O)O)O,0
CC1=CC=C(C=C1)S(=O)(=O)NC2=C3C=CC=CC3=NC(=O)N2C4=CC=CC=C4,0
COCCOC(=O)C1=CC(=COC1=N)C(=O)C2=C(C=CC(=C2)F)O,0
CCOC(=O)CNC(=O)CSC1=NC2=C(N1C)N=CC=C2,0
CCC1=CC=C(C=C1)NC(=O)CCN2C(=O)C3=C(C2=O)N=CC=C3,0
CC1=CC(=NN1C2=NC(=NC(=N2)N)C)C,0
C1=CC=C2C=C(C=CC2=C1)C(=O)COC(=O)C3=CC=CO3,0
C1COCCN1P(=O)(C2=CC3=C(C=C2)OCCO3)N4CCOCC4,0
C1COCCC1(C2=CC=CC=C2)C(=O)NC3=CC=C(C=C3)C(=O)N4CCOCC4,0
CC1=CC(NC2=C1C=C(C=C2)OC(=O)C(CC3=CC=CC=C3)N4C(=O)C5CCCCC5C4=O)(C)C,0
CC(C)(C)CC1=NN=C(S1)NC(=O)C2=CC(=NC3=CC=CC=C32)C4=CC=CC=C4,0
CN1C2=C(C(=O)NC1=O)N(C(=N2)SCCN3CCOCC3)CC4=CC=CC=C4,0
CCN1CCN(CC1)C(=S)NC2=CC=C(C=C2)[N+](=O)[O-],0
CC1(CN2C(N(C(=S)N2C1)C3=CC=CC=C3)C4=CC=CC=C4)C,0
CC1=CC=C(C=C1)C2C(=C(OC3=NNC(=C23)C4=CC=CS4)N)C#N,0
C1=CC=C(C(=C1)C2=NC3=C(O2)C=CC(=C3)NC(=O)C4=NC=NN4)F,0
CC(=O)N1CCC2=C1C=CC(=C2)S(=O)(=O)NCCC3=CCCCC3,0
CC(C(=O)N1C2=CC=CC=C2CCC3=CC=CC=C31)N4N=C(N=N4)C5=CC=C(C=C5)N(C)C,0
CNC(=O)C1C2C=CC3(C1C(=O)N(C3C(=O)NCC4=CC=C(C=C4)OC)CC=C)O2,0
CN(CC1=CC=CC=C1)C(=O)CCNC(=O)CN2C=NC3=CC=CC=C3C2=O,0
CCCCNC(=O)CC(=O)NC1=CC=CC=C1C(=O)O,0
COC1=CC2=C(C=C1)C(=CN2)CC#N,0
CS(=O)(=O)N1CCN(CC1)C2=CC=CC=C2NC(=O)C3=CC4=CC=CC=C4C=C3,0
C1CN(CCN1C2=NC3=CC=CC=C3S2)C(=O)C4=CC5=C(N4CC6=CC=C(C=C6)F)C=CS5,0
C1COCCN1C2=CC=CC=C2NC(=O)C3=NC=CN=C3,0
CCC(C1=NN=NN1CC2=CC=CO2)N3CCN(CC3)C(=O)C4=CC=CO4.Cl,0
CC1=CC2=C(C(=O)O1)C3(C4=CC=CC=C4N(C3=O)CC(=O)OC)C(=C(O2)N)C#N,0
C1CN(CCN1CC2=NN=NN2CC3=CC=CS3)C4=NC5=CC=CC=C5S4,0
CC1=CC=CC=C1NC(=O)C2=C(N=C3N(C2C4=CC=C(O4)C)C(=O)/C(=C\C5=CC=CC=C5)/S3)C,0
COC1=CC(=C(C=C1)C(C(=O)NC2CCCCC2)N(CC=C)C(=O)CNC(=O)C3=CC=CO3)OC,0
CN(C1=CC=CC=C1)S(=O)(=O)C2=CC=C(C=C2)C(=O)NCC3CCCO3,0
CCN(CC)C1=CC=C(C=C1)C(=O)OCC(=O)NC2CCCCC2C,0
CCN1C(=NN=C1SCC(=O)NC(=O)NCC2=CC=CO2)C3=CC=CS3,0
C1CN2C(N2C1)C3=CC=CC=C3,0
CC1=CC(=CC(=C1)N2C(SCC2=O)C3=CC=CS3)C,0
COC1=C(C=C2CN(CCC2=C1)C(=O)CSC3=NNC(=N3)N)OC,0
CCN(CC)S(=O)(=O)C1=CC=CC(=C1)NC(=O)COC(=O)C2=CC=C(O2)Br,0
CC1=NN(C(=C1Cl)C(=O)NNC(=S)NC2=CC=CC=C2OC)C,0
CC1=C(SC2=C1C(=O)N(C=N2)CC(=O)OC(C)C)C(=O)N,0
COC1=C(C=C(C=C1)CCNC(=O)CN2C3=CC=CC=C3N=C2C4=NON=C4N)OC,0
CC1=C(C(=NO1)C2=CC=CC=C2)C(=O)N3C=CC=N3,0
C1=CC=C(C=C1)CC(=O)NC2=NN(C(=N2)N)C3=CC=CC=C3,0
CC1=NC2=C(C=CC3=CC=CC=C32)C(=N1)OC,0
CCC/C(=N\NC(=O)C1=CSC(=C1C)C)/C2=CC=CS2,0
CC1=CC(=C(C=C1N=C2CSC(=O)N2)C(C)C)O,0
CC(C)CN(C(=O)CN1C(=NN=N1)N)C2(CCCCC2)C(=O)NC3=CC=C(C=C3)OC,0
C1=CC=C(C=C1)C2=NN(C(=O)C3=CC=CC=C32)CCC(=O)N,0
C1CN(C2=CC=CC=C21)S(=O)(=O)C3=CN=CN3,0
CC(C)N1C(=C(C=N1)C(=O)N)N,0
C1=CC=C(C=C1)N2C(=NC(=N2)NC(=O)C3=CC=C(C=C3)Cl)N4C(=O)C5=CC=CC=C5C4=O,0
CC1=C(C(C2=C(N1)CCCC2=O)C3=CN(N=C3C4=CC=CC=C4)CC5=C(C=C(C=C5)Cl)Cl)C(=O)OC,0
CCC1=CC=C(C=C1)OCCCN=C(C)C2=C(N(C(=O)N(C2=O)C)C)O,0
C1CCCN(CC1)CC(=O)NC2=C(C=CS2)C#N,0
C1=CC=C(C(=C1)CSC2=NC(=CC(=O)N2)O)C#N,0
CC1=CC(=C(C=C1)C)/C(=C\2/C(N(C(=O)C2=O)CC3=CN=CC=C3)C4=CN=CC=C4)/O,0
C1=CC(=CC=C1OC(=O)C2=CC3=NC=CN=C3C=C2)Cl,0
CCOC1=C(C=C(C=C1)C2CC(=O)N3C(=NC(=N3)C45CC6CC(C4)CC(C6)C5)S2)OC,0
CC1=NN=C(O1)NC2=NCCC2,0
CC1CCN(CC1)CCNC(=O)C2=C(C(=C(N2)C)C(=O)C)C,0
C1CCC2=NC3=CC=CC=C3C(=C2C1)NCCO,0
CC(=O)OCC1C(C(C(C(O1)N2C=CC3=CC=CC=C32)OC(=O)C)OC(=O)C)OC(=O)C,0
CC1=CC=CC=C1C(=O)NC(CC=C)(CC=C)C2=CC=CC=C2,0
CCCCCC1=NC(=NO1)C2=NON=C2N,0
CC1=CC=C(C=C1)N(CN2C(=O)C(NC2=O)(C)C)CN3C(=O)C(NC3=O)(C)C,0
C1CCCN(CC1)CCC(=O)NC2=CC(=C(C=C2)F)F,0
CC1CCCN(C1)C(=O)C2=CC3=C(C=C2)N=CN3,0
COC(=O)C1=CC=C(C=C1)NC(=O)CN2CCCC2,0
C1CSC(=N1)NC(=O)C2CC(=O)N(C2)C3=CC=C(C=C3)F,0
CCN(CC)CCSC1=NC(=C(C(=O)N1)C(C)C)O.Cl,0
CCOC(=O)CN1C(=O)C2=C(N=C3N2CCS3)N(C1=O)C,0
CCCCNC(=S)NNC(=O)C1=NN(C=C1Cl)C,0
CCOC(=O)C1CN(C1)S(=O)(=O)C2=CC=C(C=C2)C,0
CC1=CC(=NC2=C1C3=C(S2)C(=O)NC(=N3)SCC4=CC=CC=C4)C,0
CC1=CC(=CC=C1)C(=O)NC(C(Cl)(Cl)Cl)NCCC2=CC=CC=C2,0
CCOC(=O)C1=C(NC(=C1C)C(=O)OCC(=O)N2CC(OC(C2)C)C)C,0
C1CC(OC1)CN(C(C2=CC=CC=C2)C(=O)NCC3=CC=C(C=C3)F)C(=O)CN4C5=CC=CC=C5N=N4,0
CCOC(=O)C1=CC=C(C=C1)NS(=O)(=O)CC,0
C1=CC(=CC(=C1)Br)CSCC(=O)N,0
C1=COC(=C1)C(=O)NC2=CC3=C(C=C2)OC(=O)C=C3,0
CCC1=CC=C(C=C1)NC(=O)C2CC(=O)N(C2)C(C)C,0
C1CCC(CC1)C2=NN=C(N2N)SCC(=O)NC3=CC(=C(C=C3)F)F,0
CC(C)OC(=O)CSC1=NC2=C(N1)C=CC=N2,0
CCOC(=O)C1(/C(=N/NC2=CC=C(C=C2)Cl)/C(=O)C(=O)N1C3=CC=CC=C3)C,0
CCCC(=O)NC1=CC=C(C=C1)C(=O)NCCCN2C=CN=C2,0
CC1=CC=C(C=C1)S(=O)(=O)NNC(=O)C2CCN(CC2)S(=O)(=O)C3=CC=C(C=C3)C,0
C1=CC(=CC=C1NC(=O)CCC(=O)O)F,0
CC1=CC=C(C=C1)CNC(=O)C(C2=CC=C(C=C2)OC)OC(=O)C3=CC=CO3,0
CC1=CC(=NC(=N1)N(CC(=O)N2CCC(CC2)C(=O)N)C#N)C,0
C1CN(CCC1C(=O)N)CC(=O)NC2=CC=CC=N2,0
C1=CC(=CC=C1SCC2=CC(=O)N3C(=N2)N=CN3)Cl,0
CC1=CC(=C(C=C1)C)N2C(=NN=N2)SCC(=O)C3=CC4=C(C=C3)OCC(=O)N4,0
C1CCC(C1)NC(=O)C(C2=CC=CC=C2)NS(=O)(=O)C3=CC=CC4=NSN=C43,0
CC1=C(SC2=C1C(=O)NC(=N2)C)C,0
CCOC(=O)C1=C(C=C(N=C1C)C)C(C#N)C#N,0
CCOC(=O)C(C1CCCCC1)C(=O)NC2=NC3=CC=CC=C3S2,0
CC1=CC(=NO1)N2C(=O)C3C4CC(C3C2=O)C=C4,0
CC(C)CN1C(=O)C2=CC=CC=C2N=C1SCC(=O)N3CCCCC3,0
COC1=CC=CC(=C1OC)C2=NO[C@H]3[C@@H]2C(=O)N(C3=O)CC4=CC=CC=C4,0
COC(=O)N1CC(=O)N(C1C2=C(C=C(C=C2)Cl)Cl)OC,0
C1COCCN1C2=C(C=C(C=C2)C(=O)C3=CC=CC=C3)NC(=O)C4=CC=CO4,0
CC1=C(C=C(C=C1)N2C(=O)C3=C(C2=O)C(=C(C=C3)OC)OC)C,0
C1=CC2=NON=C2C(=C1)S(=O)(=O)NCCC(=O)NCCC3=CC=C(C=C3)Cl,0
CC1=NC(=CC=C1)NC(=O)C2CCC(=O)N(C2C3=CC(=C(C=C3)OC)OC)C4=CC=C(C=C4)OC,0
C1C(N(CC2=CC=CC=C21)C(=O)C3=CC=CO3)C(=O)NC4=CC=CC=C4,0
CC1=C(C=C(C=C1)/C(=C(/C(=S)NC2=CC(=CC=C2)OC)\[N+]3=CC=CC=C3)/[O-])[N+](=O)[O-],0
CC1=NN(C(=[N+]1N)C)C/C(=N\O)/C#N.[Cl-],0
CN1C(=NN=N1)SCC(=O)NCC2=CC=CO2,0
COC1=C(C=C2C(=C1)C(=O)N(C(=O)N2)CC3=CC=C(C=C3)C(=O)NCC4CCCO4)OC,0
C1CC(N(C1)S(=O)(=O)C2=CC(=CC(=C2)Cl)Cl)C3=NC4=CC=CC=C4S3,0
C1CCN(CC1)C2(CCN(CC2)C(=O)NC34CC5CC(C3)CC(C5)C4)C(=O)N,0
C1CCC2=C(C1)C(=C(C(=N2)N)C#N)C3=CC=NC=C3,0
C1CCC(CC1)NC(=O)C2CCN(CC2)C3=NN=NN3C4=CC=CC=C4,0
C1CC1C(=O)NC2=NN=C(S2)C3=CC=CO3,0
C1=CC=C(C(=C1)NC(=O)COC(=O)CC2=CC=CS2)F,0
CC1=C(N=CC=C1)N2C(=NC3=CC=CC=C3C2=O)C4=CC=CC=C4,0
C1=CC(=CC(=C1)N2C=CC=N2)CN.C(C(=O)O)C(=O)O,0
CCN(CC(=O)NC(C)C)C(=O)C(CCSC)NC(=O)C1=CC=CC(=C1)C,0
CCC1=C(C2=CC=CC=C2O1)C(=O)CCN3CCCCC3.Cl,0
CCCN1C(=O)C2=CC=CC=C2N=C1SCC3=NC4=C(C(=C(S4)C)C)C(=O)N3,0
CCN(CC)CCNC(=O)CCN1C(=O)C2=CC3=C(C=C2NC1=S)OCO3,0
CCOC(=O)C1=C(OC2=CC(=C(C=C21)OC(C)C(=O)OCC)Br)C,0
CCOC(=O)C1C(C(OC1=O)(C)C)C(C)C(=O)C2=CC=C(C=C2)C,0
CC(C)CCNC(=O)C1=CC(=C(C=C1)OC)S(=O)(=O)N2CCOCC2,0
C1=CSC(=C1)CCCCOC(=O)CCCC(=O)O,0
CNC1=CC=CC=CC1=S,0
C1=COC(=C1)C(=O)NC2=CC(=C(C=C2)Cl)C(F)(F)F,0
CC1=CC(=NC(=N1)NC(=O)CSC2=NN=NN2C3=CC=CC=C3)C,0
CCOC1=CC=CC=C1CNN2C(=NN=N2)N,0
C1=CC=C(C=C1)CCN(C2=NC(=CS2)C3=CC=C(C=C3)F)C(=O)COC4=CC=CC=C4,0
CCN(CC)CCNC(=O)C(C(=O)C1=CC=CC=C1)N2C=CC=CC2=O,0
COC1=CC=C(C=C1)CN(C2CCS(=O)(=O)C2)C(=O)C3=CC=CC=C3OC,0
COC1=CC=CC=C1OCCN2C3=CC=CC=C3SC2=O,0
CC1=C(C(=C(C=C1)C)OCC(=O)NC2=CC=CC(=C2)C(=O)O)C,0
CC1CN(CC(O1)C)CC2=CN=C(S2)OC3=CC=C(C=C3)C,0
C1C(N(N=C1C2=CC=CS2)C(=O)C3=CC=CO3)C4=CC=C(C=C4)F,0
CC1=C(SC(=N1)NC(=O)/C=C/C2=CC=CC=C2)C(=O)NC3=CC=CC=C3Cl,0
CCN(CC(=C)C)C(=O)COC1=CC=C(C=C1)S(=O)(=O)NC2=CC=C(C=C2)OC,0
CCN(CC)S(=O)(=O)C1=CC2=C(C=C1)N(C=C(C2=O)C(=O)NCCCOC)CC=C,0
CC(C)(C)OC(=O)NCCC1=NN=C(O1)SCC2=C(C=C(C=C2)Cl)Cl,0
C1CCN(CC1)S(=O)(=O)C2=CC=CC(=C2)C(=O)NC3=NN=CS3,0
CCN(CC)S(=O)(=O)C1=CC=C(C=C1)C2=NN=C(O2)SCC(=O)NC3=CC=C(C=C3)OC,0
C1COCCN1CC2=CN=C(S2)OC3=CC(=CC=C3)Cl,0
CCOC1=CC(=C(C=C1)OCC)NC(=O)CN2CCC(CC2)NC(=O)C3=CC(=CC=C3)F,0
COC1=CC=C(C=C1)NC2=C3C=C(SC3=NC=N2)C4=CC=CC=C4,0
COC1=C(C=C(C=C1)C2=NN=C(O2)SCC(=O)OC3CCCCC3)OC,0
C1CCN(C1)C(=O)CCCN2C(=O)C3=CC=CC=C3N=C2SCC(=O)NCC4=CC=CO4,0
CC(C)[C@@H](C(=O)OCC(=O)C1=CC2=C(C=C1)OCC(=O)N2)NC(=O)C3=CC=CC=C3,0
C1CCC2(CC1)C(C(=O)N3CCSC3=C2C#N)C#N,0
CC(C)(C)C1(C(=O)N(C(=O)N1)CC(=O)N2CCOCC2)C3=CC=CC=C3,0
CN(CC1OCCO1)CC(=O)NC2=C(NC3=C2C(=CC=C3)OC)C(=O)OC,0
C1CCC(CC1)N2C(=NN=C2SCC(=O)NC3=CC(=CC=C3)O)C4=CC=NC=C4,0
CCCCN1C(=NC2=C1C(=O)N(C(=O)N2C)C)CN3CCN(CC3)C(=O)OCC,0
CC1CCN(CC1)C(C2=CC3=C(C=C(C=C3)OC)NC2=O)C4=NN=NN4CC5=CC=C(C=C5)OC,0
CCN1C2=C(C=C(C=C2)NC(=O)CSC3=NN=C(N3N)C4=CC(=C(C=C4)OC)OC)C5=CC=CC=C51,0
CCOC1=CC2=CC(=C(N=C2C=C1)NCCNS(=O)(=O)C3=CC=CC=C3)C#N,0
C1CN(CCC1C(=O)OCC2=NC3=CC=CC=C3S2)C4=NS(=O)(=O)C5=CC=CC=C54,0
CN(C)/C=N/C1=NC=C(S1)C(=O)C2=CC=CC=C2,0
CC1=CC=C(C=C1)NS(=O)(=O)C2=CC(=C(C=C2)OC)OC,0
CC1=CC2=C(C=C1C)NC(=O)C(=C2)C(C3=NN=NN3C(C)(C)C)N(CC4CCCO4)CC5=CC=CO5,0
C=CCNC(=O)C1=CC=C(C=C1)C2=NC(=CS2)C3=C(C=C(C=C3)Cl)Cl,0
CC1=CC(=C(C=C1)O)NC(=O)C2CC(=NO2)C3=C(C=CC=C3Cl)F,0
CCCCNC(=O)CCCCCNS(=O)(=O)C1=CC=C(C=C1)OC,0
CC1=CC=C(C=C1)NCCC(=O)C2=CC=C(C=C2)Br,0
CCOC(=O)C(C#N)C1=CC=CC=N1,0
CN1C(=NN=C1SCC(=O)OC)CNC(=O)C2=CC(=C(C(=C2)OC)OC)OC,0
CNC1=NC2=CC=CC=C2N1/N=C/C3=C(C(=CC=C3)OC)OC,0
CCSC1=NN=C(S1)NC2=CC=C(C=C2)C,0
COC1=C(C=C(C=C1)C(=O)NC2=C(C=CC(=C2)C(F)(F)F)Cl)OC,0
C1=CC=C2C(=C1)N=C(S2)C(=O)NCC3=CC=CO3,0
C1=CC=C2C(=C1)C=CC=C2CSC3=NN=C(S3)SCC(=O)O,0
CC(=O)NC1=CC=C(C=C1)NC(=O)CN(C2=CC=C(C=C2)F)S(=O)(=O)C3=CC4=C(C=C3)OCCO4,0
C1CCC(C1)NC(=O)CSC2=NN=C(N2CC3CCCO3)C4=CC=CO4,0
C1=CC=C2C(=C1)N=C(N2CC3=CC=C(C=C3)Cl)C4=C(N=CC=C4)Cl,0
CC1(CC2=C(C=NN2C3=NC4=CC=CC=C4N3)C(=O)C1)C,0
C1=CC=C2C(=C1)C3=C(O2)C=C(C=C3)NC(=O)CCC(=O)O,0
C1=CC(=CN=C1)C(=O)NC(=S)NC2=NC(=CS2)C3=CC=C(C=C3)Br,0
CC(=O)NC1=CC=C(C=C1)S(=O)(=O)N2CCN(CC2)CCCOC3=CC=CC(=C3)OC,0
CS(=O)(=O)NCCSCC1=C(C=CC=C1Cl)Cl,0
CCOC(=O)N1CCC(CC1)NC(=O)CCC2=CN(C3=CC=CC=C32)C,0
C1CC(N(C1)S(=O)(=O)C2=CC3=CC=CC=C3C=C2)C(=O)NCCC4=CC=CC=C4F,0
C1CCN(CC1)S(=O)(=O)C2=CC=C(C=C2)C(=O)NC(CC3=CC=CC=C3)C(=O)O,0
C1CCN(CC1)C2=CC(=C(C=C2[N+](=O)[O-])F)N3CCOCC3,0
CCN1C(=NN=C1SCC(=O)NCC2=CC=CC=C2)C3=CNC4=CC=CC=C43,0
CN1C=NN=C1SCC(=O)C2=CNC3=CC=CC=C32,0
C1=CC=C(C(=C1)OCCCCNCCO)F,0
CCOC1=CC=C(C=C1)C2=NN(C=C2/C=C/3\C(=O)NC(=O)S3)C4=CC=C(C=C4)Cl,0
CC1=CC(=C(C=C1)OCC(=O)NNC(=S)NC(=O)C2CC2)C,0
CC(=O)N1CC[C@H](C2=C1C=CC(=C2)C3=CC=C(C=C3)OC)NC4=CC=CC=C4,0
C1=CC=C(C=C1)C2=CC(=NN2C3=CC=C(C=C3)S(=O)(=O)N)NC(=O)NCCCCCCCCCCC(=O)O,0
CCC1=CC(=CC(=C1)C)OC2=CC=CC(=N2)C3=C(N=NN3C4CCNCC4)C,0
C1CCC(CC1)(C#CC2=NC=CC(=C2)N3C=CC4=CN=C(N=C43)N)O,0
CCNNC(=O)C1=CC=C(C=C1)NC(=O)NC2=CC=CC3=C2N=CC=C3,0
COCCNC(=S)N=NC1=C(NC2=C1C=C(C=C2)[N+](=O)[O-])O,0
C1C(N(N=C1C2=CC=CO2)C3=CC=C(C=C3)S(=O)(=O)N)C4=CC=C(C=C4)Cl,0
COC1=CC(=O)C(=C(C1=O)CCCCCCCCCCCO)OC,0
C1[C@@H](C(=O)N1)NC(=O)OCC/C=C\C2=CC=CC=C2,0
CC[C@@H]1[C@@]2([C@H]3[C@H](C(=NCCN3C(=O)O2)[C@@H](C[C@]([C@@H]([C@H](C(=O)[C@H](C(=O)O1)C)C)O[C@H]4[C@@H]([C@H](C[C@H](O4)C)N(C)CC5=CC=C(C=C5)C6=CN(N=N6)CCCCCCC(=O)NO)O)(C)OC)C)C)C,0
CC1=CC=C(C=C1)N(C)C(=O)N2CCN(CC2)S(=O)(=O)C3=CC(=C(C=C3)C)C,0
CCNS(=O)(=O)C1=C(C=CC(=C1)C2=C(ON=C2C)C)C,0
C1CCC(=CC1)C2=C(C=CC(=C2)C3CCN(CC3)C(=O)CC4=CC=CC=N4)NC(=O)C5=NC=C(N5)C#N,0
CCCCCCCOC1=CC=CC(=C1C2=NC(=C(C(=C2)C3CCCNC3)C#N)N)O,0
C1CNCCC1C2=CC(=NC(=C2C#N)N)C3=C(C=CC=C3OCC4=CC=CC=C4)O,0
CCC1=CC(=CC(=C1)OC2=CC=CC(=N2)C3=C(N=NN3C4CCNCC4)C)CC,0
C1CCN(C1)C(=O)/C=C/C2=CC=C(C=C2)C3=CC=CC=C3,0
CCCCCCC(C(=O)O)SC1=NC(=CC(=N1)Cl)NC2=NC(=CS2)C3=C(C=C(C=C3)F)F,0
CCCCCCC(C(=O)O)SC1=NC(=CC(=N1)Cl)NC2=NC(=CS2)C3=CC(=C(C=C3)F)F,0
CC1=CC=CC=C1CNC(=O)N2CCCC(C2)CO,0
CC1=C(C=C(C=C1)C(=O)NC2=CC=CC(=C2)C(C)(C)C)NC3=CC4=C(C=C3)C(=O)C5=CC=CC=C5CC4,0
CN1C=CC=C1CNC(=O)NC2=C(C=C(C=C2)OC)OC,0
C1CN2C3=CC=CC=C3N(C2=N1)CCOC4=CC=CC=C4.Cl,0
CCCC(=O)NC(C(Cl)(Cl)Cl)NC(=S)NC1=C(N(N(C1=O)C2=CC=CC=C2)C)C,0
CCN1C(=NN=C1SCC(=O)NCC2CCCO2)C3=CNC4=CC=CC=C43,0
CN(CC1=CC=CC=C1)C(=O)CCC(=O)N(C)CC2=CC=CC=C2,0
COC1=C(C=CC(=C1)/C=C/C(=O)NNC2=C(C(=CC(=C2F)F)F)F)OC(F)F,0
C1CCC2=C(CC1)SC(=C2C#N)NC(=O)C3=CC=CC=C3,0
CCOC(=O)C1=CC=C(C=C1)NC(=O)C2CCN(CC2)C(=O)C3=CC(=C(C=C3)OC)OC,0
CC(C)CN1C(=O)C2=C(C1=O)C=C(C=C2)C(=O)NC3=NC=CS3,0
C1C2C=CC1C3C2C(=O)N(C3=O)C4=CC=C(C=C4)NC(=O)NC5=CN=CC=C5,0
CC(C)OC(=O)CN1C(=O)C2=C(N=N1)N(N=C2)C3=CC=CC=C3,0
CC1=C(C(=CC=C1)C)NC(=O)CSC2=C(C(=C(C(=N2)C)CC(=O)C3=CC=C(C=C3)Br)C)C#N,0
C1COCCN1S(=O)(=O)C2=CC=CC=C2C(F)(F)F,0
COC1=CC(=C(C=C1)NC2=NC3=CC=CC=C3C(=O)S2)OC,0
CCOC1=CC(=C(C=C1NC(=O)COC(=O)[C@H](CC2=CNC3=CC=CC=C32)NC(=O)C)OCC)N4CCOCC4,0
CC1=CC=C(C=C1)SCC(=O)NC2=CC=C(C=C2)C3=NN=C(O3)C4=CC=CO4,0
CC1=C(C(=NN1CC2=CC=C(O2)C(=O)NC(C)(C)C)C)Br,0
CCN1C(=O)/C(=C\N2CCCC3=CC=CC=C32)/SC1=S,0
CC1=C(C=C(C=C1)N(CC(=O)NC2CCCC2)C(=O)CCCC(=O)NC3=CC=CC=N3)C,0
CC(=O)N1CC2(CN(C1)CN(C2)C(=O)C)C(=O)C3=CC=C(C=C3)Br,0
CS(=O)(=O)N1CCN(CC1)C2=CC=CC=C2NC(=O)C3=CN=CC=C3,0
CCCC(=O)NC1=CC=CC(=C1)C2=CN3C=CSC3=N2,0
CC1=C2C(=CC=C1)C=C(C(=O)N2)CN(CCCO)C(=O)NC3=CC(=CC=C3)Cl,0
CC(C)CCN1C=NC2=C(C1=O)C=NN2C3=CC=C(C=C3)F,0
COC1=CC=CC(=C1)NC(=O)C(C2=CC=CC=C2)NC3CCCC3,0
COC1=CC=C(C=C1)C2=NC3=CC(=NN3C(=C2)C(F)(F)F)C(=O)NCCCN4C=CN=C4,0
CC(C)CC(=O)NC(C(Cl)(Cl)Cl)NC(=S)NC1=CC=CC2=C1N=CC=C2,0
CC1=CC=C(C=C1)C2=CSC3=NC=NC(=C23)N4C(=CC(=N4)C)N,0
C1CCN(CC1)C(=S)C2=CC3=C(C=C2)OCO3,0
CC(=O)NC1CSCC1OC(=O)C,0
CCN1C=C(C(=N1)C)CN(C)C(=O)CSC2=NC(=CC(=N2)C(F)(F)F)C3=CC=CO3,0
C1=CC=C(C(=C1)/C=C\2/C(=O)NC(=O)S2)OC3=CC=C(C=C3)Cl,0
CC1=C2C(=CC=C1)C=C(C(=O)N2)CN(CCN3CCCC3)C(=O)NC4CCCCC4,0
CC1=CC2=C(C(C(=C(O2)N)C#N)C3=CC=C(C=C3)C(=O)OC)C(=O)N1C,0
CCOC(=O)C1=C(SC(=C1C)C(=O)OCC)NC(=O)CCN2CCOCC2,0
CCCOC(=O)NC(CC)COC(=O)NC1=CC=CC(=C1C)C,0
C1=CN2C(=C(C(=N2)C(=O)NCC3=CC=CS3)Cl)N=C1,0
CC1=C(C(=O)N(C(=C1CN2CCN(CC2)CC3=CC=CC=C3)O)CC=C)C#N,0
CC(=C)CSC1=NC(=CC(=O)N1)N,0
CC(C)(C)C1=CC(=CC(=C1O)C(C)(C)C)/C=N/N2C=NN=C2,0
CC(C)C1=CC=CC=C1N2C(=NN=C2SCC(=O)N3CCN(CC3)C4=CC=CC=C4)C5=CN=CC=C5,0
CC1=CC(=C2C=C(C(=O)NC2=C1)CN(CCO)CC3=NN=NN3CC4=CC=C(C=C4)F)C,0
COCCCNC(C(Cl)(Cl)Cl)NC(=O)C1=CC=C(C=C1)Cl,0
CCCCN1C2=C(N=C1SCC(=O)NCC3=CC=CO3)N(C(=O)N(C2=O)C)C,0
CS(=O)(=O)N1CCN(CC1)C(=O)CCC2CCCC2,0
C1CC(=O)N(C1C(=O)NCCN2CCOCC2)CC3=CC=CC=C3Cl,0
CC1=CC(=C(C=C1)OC)NC(=O)C2=C(OC=C2)C,0
CC1=CC(=CC=C1)OCCOCCSC2=NC=CC=N2,0
C1=CC=C(C(=C1)CNN2C=NN=C2)O,0
CC1=C(C=CC(=C1)OCCOCCNCCOC)Cl.C(=O)(C(=O)O)O,0
CCOC(=O)C1=CC=C(C=C1)N2C(=O)C3CC=C(CC3C2=O)C,0
C1=CC=C(C=C1)C2=CC(N3C(=NN=N3)N2)C4=CC=CS4,0
CCOC(=O)NC1=CC2=C(C=C1)SC3=CC=CC=C3N2C(=O)CCN4CCN(CC4)CCO.Cl,0
C1CN(CCN1C2=C(C=C(C=C2)NC(=O)C3=CC4=CC=CC=C4O3)Cl)C(=O)C5=CC=CO5,0
COC1=CC=C(C=C1)C(C#N)N2CCOCC2,0
CCC1=NC2=C(C(=C(S2)C)C)C(=N1)SCC(=O)NC3=NOC(=C3)C,0
CCCCCC1=NC2=C(C3=C(S2)CCC3)C(=O)N1N,0
COCCNC(=O)C1=CC=CC=C1C2=CC=CC=C2C(=O)O,0
CC(C)CC(=O)N1CCN(CC1)C(=O)CCC2CCCC2,0
CCN1C(=O)N(C(C1(C)C)N(C(=O)NC)O)C,0
COC1=CC=C(C=C1)C2=C(SC3=NS(=O)(=O)CCN23)C4=CC=C(C=C4)OC,0
CCOC(=O)C1=C(SC2=C1CCSC2)N,0
CC1CC2=CC=CC=C2N1CC3=NC4=C(C=CC(=C4)Cl)C(=O)N3,0
C1=CC(=C(N=C1)NCCNC2=C(C=C(C=N2)C(F)(F)F)Cl)[N+](=O)[O-],0
CC1(C2(C1(C3(N=C2N)OCCO3)C#N)C#N)C,0
CC(C)OC(=O)C(C#N)C1=NC2=CC=CC=C2N=C1N(CC=C)CC=C,0
COC1=NC(=NC(=N1)NCC=C)NCCN2CCOCC2,0
CC1(CC(=O)C(C(=O)C1)C(=O)/C=C/NCCC2=CC=CC=C2)C,0
CC(C(=O)OCC(=O)NC1=C(C=C(C=N1)Cl)Cl)OC2=CC=C(C=C2)Cl,0
CC1(CC(CCS1)C2=NC(=CS2)C3=CC=C(C=C3)Cl)C.Cl,0
COC1=C(C=C(C(=C1)CC(=O)NCCC2=CC=C(C=C2)OCC3=CC=CC=C3)[N+](=O)[O-])OC,0
CC1=CC=C(C=C1)OCC2=NN=C(N2CC3=CC=CO3)SCC(=O)NC4=C(C=CC(=C4)C)OC,0
CCOC1=CC=CC=C1OC2=COC3=C(C2=O)C=CC(=C3)O,0
CCCCOC(=O)NC1=C(C2=C(S1)N=C(C=C2C)C)N3C=CC=C3,0
CCOC1=CC(=C(C=C1NC(=O)CC2=CC=CC=C2OC)OCC)N3CCOCC3,0
C1=CC=C(C=C1)C2=NC(=NN2)C3=CC(=CC=C3)Br,0
C1CCC2=C(C1)N=C(S2)NS(=O)(=O)C3=CC=C(C=C3)Br,0
COC1=CC=C(C=C1)NS(=O)(=O)C2=CC=CC(=C2)C3=NN=C(O3)C4=CC=CC=C4,0
CCC(C1=NN=NN1C(C)C)N2CCN(CC2)C3CCCC3.Cl,0
CCN1C2=CC=CC=C2C3=CC(=C(N=C31)N)C(=O)OCC,0
C1CN(CC2=CC=CC=C2N1)C(=O)C3=CC4=C(C=C3)OCO4,0
CC1=CC(=CC(=C1)NC(=O)C2=CC=CC=C2CC[N+](=O)[O-])C,0
CC1=C(C(=NN1CC(CN2C3=CC=CC=C3SC4=CC=CC=C42)O)C)Br,0
CC1=CC=C(C=C1)/C=C/C2=NN(C(=O)C=C2)CC3=CC=CC=C3Cl,0
C1=CC=C2C(=C1)C=CC=C2OCC(=O)NNC(=O)C3=CC=CS3,0
COC1=CC=CC(=C1)C2=NN=C(N2CC3=CC=CO3)SCC(=O)NCC4=CC5=C(C=C4)OCO5,0
CC1=C(C=CC=C1[N+](=O)[O-])NC(=O)C(C2=CC=CC=C2)SC3=CC=CC=C3,0
CC1=CC(=CC=C1)C(=O)NC(=S)NC2=CC=C(C=C2)S(=O)(=O)N(C)C3=CC=CC=C3,0
COC1=CC2=C(C=C1)C=C(C(=O)N2)CN(CC3COCCO3)S(=O)(=O)C4=CC=C(C=C4)Cl,0
C1=CC=C(C=C1)CN2C(=O)C3=C4C(=C(C=C3)O)C=CC=C4C2=O,0
CC1=CC=C(C=C1)S(=O)(=O)N2C=C(C(=N2)N)C3=CC=CC=C3OC,0
CC1=CN=C(C=C1)NC(=O)COC2=CC3=C(C=C2)OC4=C3CCCC4,0
CC1=CC=CC=C1C2=NNC(=S)O2,0
CC1=CC2=C(N=C(N=C2C=C1)SCC3=CC(=CC=C3)[N+](=O)[O-])C,0
CSC1=C(C(=NS1)SCC(=O)N)C#N,0
C1=CC(=CC=C1C2=CC3=C(C=C(C=C3)O)OC2=O)F,0
CCOC1=C(C=CC(=C1)/C=C/2\C(=O)N(C(=O)S2)CC(=O)N3CCC4=CC=CC=C4C3)OCC(=O)O,0
CC1=CC=C(C=C1)SCCNC(=O)C2=C(C(=CC=C2)[N+](=O)[O-])C,0
C1=CC=C(C(=C1)C(=O)NCCNC2=C(C=C(C=C2)[N+](=O)[O-])C(F)(F)F)F,0
COC1=CC=C(C=C1)N(C(C2=CN=CC=C2)C(=O)NCC3=CC=CO3)C(=O)CN4C5=CC=CC=C5N=N4,0
CCOC(=O)/C=C\1/N(C(=O)CS1)CC2=NN=C(O2)C3=CC=CC=C3Br,0
CC1(C2(CCC1(CC2=O)C(=O)N3CCC4=CC=CC=C43)C)C,0
CCOC1=C(C=CC(=C1)S(=O)(=O)NCC2=CC=CC=C2)F,0
CN(CC(=O)N1CCC2=CC=CC=C21)S(=O)(=O)C3=CC=CS3,0
COC1=C(C=C(C=C1)C(=O)N2CCN(CC2)S(=O)(=O)N3CCOCC3)OC,0
CCOC1=C(C=C(C=C1)C(=O)N)OC,0
COC(=O)C1=C(C2=CC=CC=C2N1)NC(=O)CN3CCC(CC3)(C(=O)N)N4CCCCC4,0
CC1=CC=C(S1)CNC2=NC3=CC=CC=C3S2,0
CCN1CCN(CC1)C(=O)CCC2=CC=C(C=C2)S(=O)(=O)NCCC3=CC=CC=C3,0
CC1=CC=C(C=C1)CN2C(=NN=N2)CN3CCC(CC3)NC(=O)C4=CC=C(C=C4)Br,0
CC1=NN=C(N1C2=CC=CC=C2)SCC(=O)N/N=C/C3=C(C(=CC=C3)OC)OC,0
COCCNC1=CC(=NC2=CC(=NN21)C3=CC=C(C=C3)F)C4=CC=CC=C4,0
CC1=C(C2(CCCCC2)C(=C(N1)SCC(=O)N)C#N)C(=O)NC3=CC=CC=C3,0
C1CCC(CC1)NC(=O)N2CCCC(C2)C(=O)N,0
C1CN(CCN1CC(CN2C3=C(C=C(C=C3)Cl)C4=C2C=CC(=C4)Cl)O)C5=CC=CC=N5,0
CCOC1=CC=C(C=C1)C(=O)NCC(=O)OCC(=O)C2=C(NC(=C2C(=O)OCC)C)C,0
C1CCC(C1)NC(=O)C(C2=CN=CC=C2)N(CC3=CC=CS3)C(=O)CNC(=O)C4=CC=CO4,0
CCCCC(=O)NC(=S)NNC(=O)CC,0
CCCCC(=O)NC1=CN=C(C=C1)NC(=O)CCCC,0
C1=CSC(=C1)CC(=O)NC2=CC=C(C=C2)Cl,0
CC1(CC(=O)C(=CN(C)CCN2CCNCC2)C(=O)C1)C,0
C1CC(OC1)CNC(=O)CCSC2=CC=CC=C2,0
C1COCCN1CCCNC(=O)C2=CC3=C(C=CC(=C3)Br)OC2=O,0
CC(C)COC(=O)C1=C(N(C2=NC3=CC=CC=C3N=C12)CC=C)N,0
CC1=CC2=C(C(C(=C(O2)N)C#N)CC3=CC=CC=C3)C(=O)O1,0
CC(=O)NN1C(=O)/C(=C\C2=CC=CC=C2)/SC1=S,0
CC(C)CNC(=O)C1=C(N(C2=NC3=CC=CC=C3N=C12)/N=C/C4=CC=CC=N4)N,0
C1=CC=C(C=C1)/C(=N/OC(=O)NC2=CC=CC=C2Cl)/C3=CC=CC=N3,0
CCOC1=CC=CC=C1NC(=O)CON2C3=C(C=CC(=C3)Cl)N=N2,0
C1CC2=CC(=C(N=C2C1)SCC(=O)NC3=C(C4=C(S3)CCC4)C#N)C#N,0
C1=CC=C(C=C1)/C(=N/S(=O)(=O)C2=CC=C(S2)Cl)/N,0
C1=CC=C(C=C1)N2C3=C(C=N2)C(=O)N(N=N3)CC4=CC=CC=N4,0
CCC1=C(C(=CC=C1)CC)NC(=O)C2=CC(=CC=C2)N,0
COC1=CC=CC(=C1OC)CNCCN2CCOCC2,0
C/C(=N/NC(=O)CCC(=O)NC1=CC(=CC=C1)Cl)/CCC2=CC=CO2,0
C1CC1(C2=CC=CC=C2)C(=O)OCC(=O)N3CCN(CC3)C4=CC=C(C=C4)F,0
C1=CC=C(C=C1)OCC(CN2C=C(C=N2)Br)O,0
CN1CCN(CC1)C2=C(C=C(C=C2)[N+](=O)[O-])S(=O)(=O)N3CCOCC3,0
CC(C(=O)NC1=CC2=C(C=C1)OCCO2)SC3=NC4=CC=CC=C4N3,0
C1=CC(=CC=C1CNS(=O)(=O)C2=CN=CN2)Cl,0
C1CCN(CC1)C(=O)CNC(=O)C2=C(C=C(C=C2)Cl)Cl,0
CC1=C(SC2=C1C(=O)NC(=N2)CN3CCN(CC3)S(=O)(=O)C4=CC=CC5=NON=C54)C,0
CC1=CC=C(C=C1)N(CC(=O)NC2CC2)S(=O)(=O)C3=CC(=C(C=C3)OC)OC,0
COC1=CC=C(C=C1)S(=O)(=O)NC2=CC3=C(C4=CC=CC=C42)OC5=C3C(=O)CCC5,0
C1OC2=C(O1)C=C(C=C2)C(=O)OCC(=O)NCC3=CC=C(C=C3)Cl,0
COC1=C(C=C(C=C1)C(=O)NCC(=O)OCC(=O)NC(=O)NC2CCCCC2)OC,0
CN1C2=C(C=CC=N2)N=C1SCC(=O)N3CCCC4=CC=CC=C43,0
CCC1=NN=C(S1)NC(=O)CSC2=NN=C(N2CC=C)C3=CC=CO3,0
CC1=C(C(=NO1)C2=CC=CC=C2)C(=O)NCC3=CC=CC=N3,0
CCC(=NCC1=CC=CO1)C2=C(N(C(=O)NC2=O)C3=CC=C(C=C3)OC)O,0
C1C(CN(C1=O)C2=CC=C(C=C2)F)C(=O)NC3=NC4=CC=CC=C4S3,0
C1CC1C(=O)NC2=NC=C(C=C2)NC(=O)C3=CC=NC=C3,0
CC1=CC(=CC=C1)NC2=NCC(=O)N2CCC3=CC=CC=C3,0
CC1=C(C(=NN1C)C)NC(=O)C2=CC=C(C=C2)Cl,0
C1=CC(=C(C=C1Cl)Cl)C2=CN(C(=N2)N)N,0
CC1=C(C(=CC=C1)C)NC(=O)CSC2=NN=C(N2CCC3=CC=CC=C3)C4=C(OC=C4)C,0
CC1=CC(=NO1)NC(=O)C2=CC=C(C=C2)N3C(=O)CCC3=O,0
C1=CC=C2C(=C1)C(=O)N(C2=O)C3=CC=CC=C3OCC(=O)C4=CC=C(C=C4)Cl,0
CCC(C)(C)C1=NN=C(S1)NC(=O)C2=CC=C(C=C2)[N+](=O)[O-],0
COC1=CC=CC=C1OCC2=NC(=C(O2)NCC3=CC=CO3)C#N,0
CC1=C(OC2=C1C(CC(C2)(C)C)O)C(=O)[O-].[Na+],0
C1CC(N(C1)C(=O)C2=CC=CS2)C(=O)NCCOC3=CC=CC=C3,0
CCCCOC1=CC=C(C=C1)N2C(=O)CC(C2=O)N(CC3=CN(N=C3C)C)C(=S)NC4=CC=CC=C4OC,0
CCOC(=O)CC1=CSC(=N1)NC(=O)C2=CC(=CC(=C2)OC)OC,0
C1C2=NC3=C(C=C(C=C3)Cl)C(N2CC(=O)N1)C4=CC=CC=C4,0
CC1=NNC(=O)N=C1NC2=CC(=CC=C2)OC,0
C1CN(CCN1C(=O)C2CC(=NO2)C3=CC=C(C=C3)Cl)C(=O)C4=CC=CO4,0
COC1=C(C=C(C=C1)F)S(=O)(=O)N2CCC(CC2)C(=O)N,0
CC1=CC=C(C=C1)CC(=O)NC2=CC=C(C=C2)C(=O)OC,0
C1=CC=C2C(=C1)C(=O)N(C2=O)CCOC(=O)C3=NC=CN=C3,0
CCOC(=O)C1=NN(C2(S1)N(C(=C(S2)C(=O)C)C)C3=CC=CC=C3)C4=CC=CC=C4,0
CC1=CC(=NO1)NS(=O)(=O)C2=CC=C(C=C2)C3=CC=CC=C3,0
C1=CN=C(N=C1)OC2=CC=C(C=C2)NC(=O)C3=CC=CO3,0
CCCN(CCC)C(=O)C1=CC=CC=C1C(=O)N(CCC)CCC,0
C1=CN2C(=C(C=N2)C(=O)NC3=CC(=CC(=C3)Cl)Cl)N=C1,0
CCOC(=O)CSC1=NNC(=N1)C2=CN=CC=C2,0
COC1=CC=CC=C1C2=CC(=NC(=N2)N3CCCC3)C(F)(F)F,0
CC1=CC=C(C=C1)C(=O)CSC2=NN=C(O2)CNC3=C(C=C(C=C3)C)C,0
C1=CC(=CC=C1C2=NC3=CC(=NN3C(=C2)C(F)(F)F)C(=O)NCCCN4C=CN=C4)Br,0
C1CCSC(=NC1)N(C2=CC=CC3=CC=CC=C32)C(=O)NC4=CC=CC=C4,0
CC1=C(C=CO1)C2=NN=C(N2C3=CC(=CC=C3)Cl)SCC(=O)NC4=NON=C4C,0
CC1CCC2=C(C1)C=C(S2)C(=O)OCC(=O)NC3=NOC(=C3)C,0
COC1=CC(=CC(=C1OC)OC)C(=O)NN2C=C(C3=CC=CC=C3C2=O)C(=O)OC,0
CN1CCN(CC1)C(=O)C2=CC3=C(C=C2)C(=O)N(C(=S)N3)CC4=CC=CO4,0
CC1=CC(=CC=C1)NC(=O)CCN2CCOCC2,0
C1=CC=C(C=C1)C(=O)N/C(=C\C2=CC=CO2)/C(=O)NCCCN3C=CN=C3,0
CCOC1=NC(=NC(=C1)C2=CC=CC=C2)N,0
CC1=C(C(=C(O1)C)C(=O)C)CSCC2=CC=C(O2)C(=O)O,0
CCC(=O)N1CCC2=C1C=CC(=C2)S(=O)(=O)NC(C(C)C)C(=O)NCC3=CC=C(C=C3)C,0
CCOC1=C(C=CC=N1)C(=O)OCC(=O)C2=CC=CN2,0
CCC(C)NC(=O)CCN1C(=C(C=C1C2=CC=C(C=C2)C)C(=O)OCC)C,0
CC1=CC=C(C=C1)CSCCNS(=O)(=O)C,0
COC1=CC=CC(=C1)C(C(=O)NC2CCCCC2)N(CC3CCCO3)C(=O)CNC(=O)C4=CC=CO4,0
CC(C1CC(=O)N(C1=O)CC2=CC=CO2)C3=CC=CC=C3,0
C1CN(CCN1C2=NC=CC=N2)C(=O)CCNS(=O)(=O)C3=C(N=CC(=C3)Br)N,0
CCOC1=CC2=NC(=C(C=C2C=C1)/C=C/C(=O)C3=CC=CO3)Cl,0
CCOC(=O)C1=C(SC(=C1C)C(=O)C)NC(=O)CC(C)C,0
C1=CC=C(C=C1)CNC(=O)C2=CC=C(C=C2)NC(=O)CCS(=O)(=O)C3=CC=CS3,0
CCOC1=C(C=C(C=C1)C)N2N=C3C=CC=CC3=N2,0
C1COC(=O)C1OC(=O)C2=CC=CC=C2NC(=O)C3=CC=CO3,0
CN1C(=NN=C1SCC(=O)N(C)C)C2=NC=CN=C2,0
CC(C)(C(=O)NC1=NC=CC=N1)OC2=CC=C(C=C2)Cl,0
CSC1=CC=CC=C1NS(=O)(=O)C2=CC=CC=C2,0
CC1=CC=CC=C1N(CC(=O)N)S(=O)(=O)C,0
C1CN(CCC1C(=O)OCN2C(=O)C3=CC=CC=C3N=N2)S(=O)(=O)C4=CC=CS4,0
CC1=CC=C(C=C1)S(=O)(=O)N2CCN(CC2)S(=O)(=O)N3CCCCC3,0
C1CCN(CC1)S(=O)(=O)C2=C(C=CC(=C2)Cl)Cl,0
COC1=CC=C(C=C1)CC(CC(=O)O)C(=O)NC2=CC=CC=C2,0
CC1=CC=C(C=C1)C2=NN(C(=N2)N)C(=O)C3=CN=CC=C3,0
CCC(=O)NC(C(F)(F)F)(C(F)(F)F)NC1=CC=CC(=N1)C,0
C1=CC(=C(C=C1/C=N\N2C(=NN=N2)N)[N+](=O)[O-])Cl,0
COC1=CC=CC(=C1)C2=CC=C(C=C2)C(=O)N3CCC34CN(C4)C#N,1
CC1=C(C=C(C=C1)C(=O)NC2=CC=CC=C2)C#CC3=C(N=CC(=C3)C4=CN(N=C4)C)N,1
CN1C=C(C=N1)C2=CC(=C(N=C2)N)C#CC3=C(C=CC(=C3)C(=O)NC4=CC(=CC(=C4)OC)OC)Cl,1
CC1=CN=C(N=C1C2=CC3=C(O2)CCN(C3)C(=O)C(C)C)NC4=CC=C(C=C4)N5CCOCC5,1
C1CN(CCC1OC2=CC=C(C=C2)C(=O)O)C(=O)NCC3=C(C=C(C=C3)Cl)Cl,1
CN1CCN(CC1)CC2=CC=C(C=C2)C3=CN4CCCCCC(CCCCCNC5=NC=C3C4=N5)O,1
CC1=CC=C(C=C1)N2C(=CC(=N2)C(C)(C)C)NC(=O)NC3CCC(CC3)OC4=CN5C(=NN=C5C(C)C)C=C4,1
C1COC2=C(O1)C=CC(=C2)C3=CC=C(C=C3)COC4(CN(C4)C#N)C5=CC=CC=C5,1
C1CN(CCC1OC2=CC=C(C=C2)F)C(=O)NCC3=C(C=C(C=C3)Cl)Cl,1
C[C@H]1[C@@H](C(=O)N1OC2=CC=CC=C2S(=O)(=O)C)NC(=O)OCCCCC3CCCCC3,1
C[C@H]1[C@@H](C(=O)N1C2=CC(=CC=C2)S(=O)(=O)C)NC(=O)OCCCCC3CCCCC3,1
CN(C)C1=C(C=C(C=C1)C2=CC(=C(C=C2C3=CC=C(C=C3)S(=O)(=O)N)F)F)Cl,1
CC1=C(C=CC(=C1)C2=CC(=C(C=C2C3=CC=C(C=C3)S(=O)(=O)C)F)F)Cl,1
C1=CC=C(C(=C1)C2=CC=C(C=C2)S(=O)(=O)N)C3=CC=C(C=C3)Cl,1
CC1=CC(=CC=C1)OC(=O)C2=CC(=CC(=C2)[N+](=O)[O-])[N+](=O)[O-],1
C[C@H]1[C@@H](C(=O)N1OC2=CC=C(C=C2)S(=O)(=O)C)NC(=O)OCCCCC3CCCCC3,1
CC1CC(=O)N(N=C1C2=CC=C(N3C2=CC(=N3)C(F)(F)F)OC)CCCCOC4=CC=C(C=C4)C5=NNC(=O)C=C5C,1
CC1=C(C=C(C=C1)C(=O)NC2=CC=CC(=C2C)C(F)(F)F)C3=CC4=CN=C(N=C4C=C3)NCCN5CCCCC5,1
CC1=C(C=C(C=C1)C(=O)NC2=CC=CC(=C2C)C(F)(F)F)C3=CC4=CN=C(N=C4C=C3)NCCN5CCCC5,1
C1CN(CCN1C2=CC=CC=N2)C(=O)NCC3=C(C=C(C=C3)Cl)Cl,1
C1CN(CCC1(C2=CC=CC=C2)O)CCOC3=CC=C(C=C3)OC4=NC5=CC=CC=C5O4,1
CC1=C(C(=CC=C1)C)N2C(=O)C3=CN=C(N=C3N4C2=NC5=CC=CC=C54)NC6=CC(=C(C(=C6)OC)OCCCN7CCN(CC7)C)OC,1
CC1=C(C(=CC=C1)C)N2C(=O)C3=CN=C(N=C3N4C2=NC5=CC=CC=C54)NC6=CC(=C(C(=C6)OC)OCCN7CCN(CC7)C)OC,1
COC1=CC(=CC(=C1OC)OC)NC2=NC(=NC=N2)N3C4=CC=CC=C4N=C3NC5=CC=CC=C5,1
CC1=C(C(=O)ON1C(=O)N2CCCCC2)SC3=CC=C(C=C3)Cl,1
CC1CCN(CC1)C(=O)N2C(=C(C(=O)O2)C3CCSCC3)C,1
CC1=C(C(=O)ON1C(=O)N2CCCCC2)SC3=CC=CC=C3,1
CC1CCN(CC1)C(=O)N2C(=C(C(=O)O2)C(C)C)C,1
CC1=C(C(=O)ON1C(=O)N2CCCCC2)C3CCCC3,1
CCOC(=O)C1CCN(CC1)C(=O)N2C(=C(C(=O)O2)C(C)C)C,1
CC1=C(C(=O)ON1C(=O)N2CCN(CC2)C3=CC=CC=C3)C(C)C,1
CC1=CC(=C(C=C1)S(=O)(=O)N2CCC(CC2)C(=O)NC3=CC=CC4=C3N=CC=C4)C,1
CC1=C(C=C(C=C1)C(=O)NC2=C(C=C(C=C2)Cl)Cl)C#CC3=C(N=CC(=C3)C4=CN(N=C4)C)N,1
CCC1=NN2C(=CC=C(C2=C1)C3=NN(C(=O)CC3C)CCCOC4=CC=C(C=C4)C5=NNC(=O)CC5C)OC,1
C1CN(CCC1OC2=CC=C(C=C2)Cl)C(=O)NCC3=C(C=C(C=C3)Cl)Cl,1
CN1CCC(C1=O)(C#CC2=CC(=C(C=C2)F)C3=CNC4=CN=C(N=C34)N)O,1
CCC(=O)N1CCC2=C(C1)C=C(O2)C3=NC(=NC=C3C)NC4=CC=C(C=C4)N5CCOCC5,1
COC1=C(C=CC=N1)C2=CC=C(C=C2)COC3CN(C3)C#N,1
CC1=CC(=C(C=C1)S(=O)(=O)N2CCC(CC2)C(=O)NCC3CCCCC3)C,1
CCS(=O)(=O)N1CC(C1)(CC#N)N2C=C(C=N2)C3=C4C=CNC4=NC=N3,1
COC1=CC=C(C=C1)C2=C(C=CC(=C2)OC3=CC=CC=C3)COC4CN(C4)C#N,1
CN1CCC(CC1)N2C=C3C=C(C=C(C3=N2)OC)NC(=O)C4=NC(=CC=C4)C(F)(F)F,1
C1CN(CCC1C2=CC=C(C=C2)OC(F)(F)F)C(=O)NCC3=C(C=C(C=C3)Cl)Cl,1
CS(=O)(=O)C1=CC=C(C=C1)OC2CCN(CC2)C(=O)NCC3=C(C=C(C=C3)Cl)Cl,1
CC1=C(C=C(C=C1)C(=O)NC2=CC(=CC(=C2)OC)OC)C#CC3=C(N=CC(=C3)C(=O)OC)N,1
COC1=CC=C(C2=CC(=NN12)C(F)(F)F)/C=C/C3=C(C=NC=C3Cl)Cl,1
CCC1=CC=C(C=C1)NC(=O)N(CCN2CCOCC2)C3=CC4=C(C=C3)N=C(S4)NC(=O)CC5=CC=CC=C5F,1
CN1CCN(CC1)CC2=CC=C(C=C2)C3=CN4CCCCCC(CCCCCCNC5=NC=C3C4=N5)O,1
CCSC1=NC(=NN1C(=O)N(C)C2=CC=CC=C2)C3=CC=C(C=C3)OC,1
COC1=C(C=C(C=C1)C2=NN(C(=O)[C@H]3[C@@H]2CC=CC3)CCOCCN4C=CN=C4)OC,1
CNS(=O)(=O)C1=CC=C(C=C1)OC2CCN(CC2)C(=O)NCC3=C(C=C(C=C3)Cl)Cl,1
CC1=CC(=C(C=C1)S(=O)(=O)N2CCC(CC2)C(=O)NC3=CC4=C(C=C3)OCO4)C,1
CC1=CC(=C(C=C1)S(=O)(=O)N2CCC(CC2)C(=O)NC3CCCC3)C,1
COC1=CC=C(C2=CC(=NN12)/C=N/O)C(=O)NC3=C(C=NC=C3Cl)Cl,1
CC1=C(C=CC(=C1)C2=CC(=C(C=C2C3=CC=C(C=C3)S(=O)(=O)C)F)F)F,1
CC1=C(C=C(C=C1)C2=CC(=C(C=C2C3=CC=C(C=C3)S(=O)(=O)N)F)F)C,1
CC1=C(C=CC(=C1)C2=CC(=C(C=C2C3=CC=C(C=C3)S(=O)(=O)N)F)F)OC,1
CC(C)CC(C#CC1=CC(=CC=C1)C(=O)NCC2=CC=CC=C2C(F)(F)F)N(C(=O)N)O,1
C[C@H](C#CC1=CC(=CC=C1)C(=O)NCCN(C2=CC=CC=C2)C3=CC=CC=C3)N(C(=O)N)O,1
C1=CC=C(C=C1)C#CC2=NC=C(C=C2)C3=C(NC(=N3)C4=C(C=CC=C4Cl)F)Cl,1
C1CC1C(=O)NC2=NC=CC(=C2)C3=NC(=C(S3)C(=O)N)OCCC4CCN(CC4)CC5=C(C=CC=C5F)F,1
CNC(=O)C1=C(N=C(S1)C2=CC(=NC=C2)NC(=O)C3CC3)OCC4CCN(CC4)CC5=CC(=CC=C5)[N+](=O)[O-],1
CCCNC(=O)COC1=C(C=CC(=C1OC)OC)C(=O)CC2=C(C=NC=C2Cl)Cl,1
COC1=C(C(=C(C=C1)C(=O)CC2=C(C=[N+](C=C2Cl)[O-])Cl)OCC(=O)NCC3=CC=CC=C3)OC,1
CCCCCCCCC1=CC=C(C=C1)OCC(=O)CN2C=C(C3=C2C=CC(=C3)C(=O)O)C(=O)OC,1
CCCCCCCCC1=CC=C(C=C1)OCC(=O)CN2C3=C(C=C(C=C3)C(=O)O)C=N2,1
C1CC2=C(C1)C=C(C=C2)N3C=C(C(=O)C4=CN=C(N=C43)NC5=CC=C(C=C5)N6CCNCC6)C(=O)N,1
CC1=C(C(=CC=C1)C)N2C(=O)C3=CN=C(N=C3N4C2=NC5=CC=CC=C54)NC6=CC(=C(C=C6)N7CCN(CC7)C)OC,1
COC1=C(C=C(C=C1)[C@H](CC2=CC=NC=C2)C3=COC=C3)OC4CCCC4,1
COC1=C(C=C(C=C1)[C@H](CC2=CC=NC=C2)C3=CC=C(C=C3)O)OC4CCCC4,1
COC1=C(C=C(C=C1)[C@H](CC2=CC=NC=C2)C3=CC(=CC=C3)NC(=O)N4CCCC4)OC5CCCC5,1
CC1=C(C(=O)ON1C(=O)N2CCCCC2)CC(C)C,1
CC1=C(C(=O)ON1C(=O)N2CCCCC2)CC3=CC=CC=C3,1
CC1=C(C(=O)ON1C(=O)N(C)CC2=CC(=CC=C2)F)C(C)C,1
CC1=C(C(=O)ON1C(=O)N(C)CC2=CC=CC=C2)C(C)C,1
C1CC(C1)COC2=C(C=C(C=C2)NC(=O)CC3=CC=CC=C3Cl)S(=O)(=O)N,1
CCN1CC[C@H]([C@H](C1)C)C2=CC3=C(C=C2C4=CC=CC=C4F)OCC5=NNC(=O)[C@H](N53)C,1
C[C@H]1CN(CC[C@H]1C2=CC3=C(C=C2C4=CC5=C(C=C4)OCCO5)OCC6=NNC(=O)[C@H](N63)C)C,1
C1CC2=C(C=CC(=C2)NC3=CC(=C(C=C3)F)NC(=O)C4=CC=CC=C4)C(=O)C5=CC=CC=C51,1
C1CC2=C(C=CC(=C2)OC[C@H](CO)O)C(=O)C3=C1C=C(C=C3)NC4=C(C=C(C=C4)F)F,1
C1CC2=C(C=CC(=C2)NC3=C(C=C(C=C3)F)F)C(=O)C4=C1C=CC(=C4)OC[C@@H](CO)O,1
CCN1C(=O)C(=CC(=N1)C2=CC=CC(=C2)C3=CC=CC(=C3)CC(=O)NCCCCCCCN(C)CCO)NC(=O)NC4=C(C=NC=C4Cl)Cl,1
C1CN(CCC1OC2=CC=CC(=C2)C#N)C(=O)NCC3=C(C=C(C=C3)Cl)Cl,1
CS(=O)(=O)C1=CC=CC=C1OC2CCN(CC2)C(=O)NCC3=C(C=C(C=C3)Cl)Cl,1
CS(=O)(=O)NC1=CC(=C(C=C1)OCC2CC2)C(=O)O[C@@H](CC3=C(C=[N+](C=C3Cl)[O-])Cl)C4=CC(=C(C=C4)OC(F)F)OCC5CC5,1
COC1=CC=C(C2=CC(=NN12)C(F)(F)F)CCC3=CC=NC=C3,1
CCCC(=O)NC1=CC=C(C=C1)[C@@H](CC2=CC=NC=C2)C3=CC(=C(C=C3)OC)OC4CCCC4,1
COC1=C(C=C(C=C1)C2=CC(=C(C=C2)COC3(CN(C3)C#N)C4=CN=CC=C4)F)F,1
CS(=O)(=O)C1=CC=CC(=C1)OC2CCN(CC2)C(=O)NCC3=C(C=C(C=C3)Cl)Cl,1
CC1=CC(=C(C=C1)S(=O)(=O)N2CCC(CC2)C(=O)NC3CC3)C,1
COCC1=CC=C(C2=CC(=NN12)C(F)(F)F)C(=O)NC3=C(C=NC=C3Cl)Cl,1
CN(C1=CC=CC=C1)C(=O)N2C(=NC(=N2)C3=CC=C(C=C3)OC(F)(F)F)SC,1
COC1=C(C=C(C=C1)C2=NN(C(=O)[C@H]3[C@@H]2CC3)CC4=CC=C(C=C4)CN5CCOCC5)OC,1
C1CN(CCC1OC2=CC=CC=C2)C(=O)NCC3=C(C=C(C=C3)Cl)Cl,1
CC1=CN=C(N=C1C2=CC3=C(O2)CCN(C3)C(=O)CC#N)NC4=CC(=C(C(=C4)F)N5CCOCC5)F,1
C1CN(CCC1OC2=CC=C(C=C2)C#N)C(=O)NCC3=C(C=C(C=C3)Cl)Cl,1
CNC(=O)C1=CC=C(C=C1)OC2CCN(CC2)C(=O)NCC3=C(C=C(C=C3)Cl)Cl,1
C1CCC(CC1)NC(=O)NC2=CC3=C(C=C2)N=C(S3)N,1
CC1=CN=C(N=C1C2=CC3=C(O2)CCN(C3)S(=O)(=O)C)NC4=CC=C(C=C4)OCCN5CCCC5,1
COC1=CC=C(C2=CC(=NN12)C#N)C(=O)NC3=C(C=NC=C3Cl)Cl,1
C1COCCN1CCN(C2=CC3=C(C=C2)N=C(S3)NC(=O)CC4=CC=CC=C4F)C(=O)NC5=CC=C(C=C5)Cl,1
C1=CC(=CC=C1C2=CC(=C(C=C2C3=CC=C(C=C3)S(=O)(=O)N)F)F)F,1
C1OC2=C(O1)C=C(C=C2)C3=CC(=C(C=C3C4=CC=C(C=C4)S(=O)(=O)N)F)F,1
CC1=CC=C(C=C1)C2=CC(=C(C=C2C3=CC=C(C=C3)S(=O)(=O)N)F)F,1
CC(C#CC1=CC(=CC=C1)C(=O)NCC2=C(C=C(C=C2)OC)C(F)(F)F)N(C(=O)N)O,1
C1=CC=C2C(=C1)C=CC=C2NC(=O)C3=CC(=CC(=C3)[N+](=O)[O-])[N+](=O)[O-],1
CC1=CN=C(N=C1N2CCC3(CCNC3=O)CC2)NC4=CC=C(C=C4)[N+](=O)[O-],1
C1CC1COC2=C(C=CC(=C2)C(=O)NC3=C(C=NC=C3Cl)Cl)OC(F)F,1
C1=CC(=CC(=C1)Cl)C#CC2=NC=C(C=C2)C3=CN=C(N3)C4=C(C=CC=C4Cl)F,1
C1CCCN(CC1)CCOC2=CC=C(C=C2)OC3=NC4=CC=CC=C4O3,1
C1CCN(CC1)C(=O)C2=CC(=CC=C2)NC3=NC=C4C(=O)C(=CN(C4=N3)C5=CC6=C(CCC6)C=C5)C(=O)N,1
COC1=C(C=C(C=C1)[C@H](CC2=CC=NC=C2)C3=CC=CC=C3)OC4CCCC4,1
CNC(=O)NC1=CC=C(C=C1)[C@@H](CC2=CC=NC=C2)C3=CC(=C(C=C3)OC)OC4CCCC4,1
CC1=C(N(C2=C1C=C(C=C2)C3=CC(=C(C=C3)C4=CC=CC=C4Cl)F)CC5=CC=C(C=C5)Cl)CC(C)(C)C(=O)O,1
CC1CCN(CC1)C(=O)N2C(=C(C(=O)O2)C3CCCCC3)C,1
CC1=C(C(=O)ON1C(=O)N(C)CC2=CC=CC=C2F)C(C)C,1
CC1=C(C(=O)ON1C(=O)N2CCCCC2)CCOC3=CC=CC=C3,1
CC1=C(C(=O)ON1C(=O)N(C)CC2=CC=CO2)C(C)C,1
C[C@@H]1C(=O)NN=C2N1C3=C(C=C(C(=C3)N(C)C4(CN(C4)C)C)C5=CC=CC=C5)OC2,1
C[C@@H]1C(=O)NN=C2N1C3=C(C=C(C(=C3)N(C)C4(CN(C4)C)C)C5=CC=CC=C5F)OC2,1
C[C@H]1CNCC[C@H]1C2=CC3=C(C=C2C4=CC=CC=C4F)OCC5=NNC(=O)[C@H](N53)C,1
C1CC2=C(C=CC(=C2)NC3=CC(=C(C=C3)F)NC(=O)C4=COC=C4)C(=O)C5=CC=CC=C51,1
C1CN(CCC1OC2=CC=CC=C2C#N)C(=O)NCC3=C(C=C(C=C3)Cl)Cl,1
CCSC1=NC(=NN1C(=O)N(C)C)C2=CC=C(C=C2)Cl,1
CC1=CN=C(N=C1C2=CC3=C(O2)CCN(C3)S(=O)(=O)C)NC4=CC(=C(C(=C4)F)N5CCOCC5)F,1
CCN1C(=O)C(=CC(=N1)C2=CC(=CC=C2)Br)NC(=O)NC3=C(C=NC=C3Cl)Cl,1
C1CCN(CC1)C(=O)N2C(=NC(=N2)C3=CC=C(C=C3)Cl)SCC4CC4,1
CC1=C(C=C(C=C1)C(=O)NC2=CC(=CC(=C2)OC)OC)C#CC3=C(N=CC(=C3)C(=O)N)N,1
C1C(CN1C#N)COCC2=CC=C(C=C2)C3=CC=CC=C3,1
CC1(CN(C1)C#N)NS(=O)(=O)C2=CC=C(C=C2)C3=CC(=CC=C3)OC,1
CC1(C(=NNC1=O)C2=C(C(=C(C=C2)OCCCCN3C(=O)C(C(=N3)C4=CC=C(C5=NC(=CN45)C(F)(F)F)OC)(C)C)F)F)C,1
CC1CC(=O)N(N=C1C2=CC=C(N3C2=CC(=N3)C(F)(F)F)OC)CCCCOC4=C(C(=C(C=C4)C5=NNC(=O)C5(C)C)F)F,1
CC1=C(C=C(C=C1)C2=CC(=C(C=C2C3=CC=C(C=C3)S(=O)(=O)N)F)F)Cl,1
CC1=C(C=CC(=C1)C2=CC(=C(C=C2C3=CC=C(C=C3)S(=O)(=O)N)F)F)Cl,1
C[C@H](C#CC1=CC(=CC=C1)C(=O)NCC[C@H](C2=CC=C(C=C2)C(F)(F)F)C3=CC=C(C=C3)F)N(C(=O)N)O,1
C[C@H](C#CC1=CC(=CC=C1)C(=O)NCCC(C2=CC=CC=C2)C3=CC=C(C=C3)NS(=O)(=O)C)N(C(=O)N)O,1
C[C@H](C#CC1=CC(=CC=C1)C(=O)NCC[C@@H](C2=CC=C(C=C2)C(F)(F)F)C3=CC=C(C=C3)F)N(C(=O)N)O,1
CC1=C(C=C(C=C1)C(=O)NC2=CC=C(C=C2)C(F)(F)F)C#CC3=C(N=CC(=C3)C4=CN(N=C4)C)N,1
CC1CC(=O)NN=C1C2=CC=C(C=C2)OCCCN3C(=O)CC(C(=N3)C4=CC=C(N5C4=CC(=N5)C(F)(F)F)OC)C,1
CC1=C(C=C(C=C1)C(=O)NC2=C(C(=C(C=C2)Cl)C(F)(F)F)C)C3=CC4=CN=C(N=C4C=C3)NC,1
CC1=C(C=C(C=C1)C(=O)NC2=CC=CC(=C2C)C(F)(F)F)C3=CC4=CN=C(N=C4C=C3)NCCN5CCOCC5,1
C1CC1C(=O)NC2=NC=CC(=C2)C3=NC(=C(S3)C(=O)N)OCCCC4CCN(CC4)CC5=CC=C(C=C5)F,1
COC1=C(C(=C(C=C1)C(=O)CC2=C(C=NC=C2Cl)Cl)OCC(=O)NCC3=CC=CC=C3)OC,1
CN(C)CCC1=CC=C(C=C1)NC2=NC=C3C(=O)C(=CN(C3=N2)C4=CC5=C(CCC5)C=C4)C(=O)N,1
COC1=C(C=C(C=C1)[C@H](CC2=CC=NC=C2)C3=CSC=C3)OC4CCCC4,1
CC1=CC=CC=C1C2=C(C=C(C=C2)C3=CC4=C(C=C3)N(C(=C4C)CC(C)(C)C(=O)O)CC5=CC=C(C=C5)Cl)F,1
CCOCCC1=C(N(OC1=O)C(=O)N2CCC(CC2)C)C,1
CC1CCN(CC1)C(=O)N2C(=C(C(=O)O2)CC(C)C)C,1
C[C@H]1CCCN(C1)C(=O)N2C(=C(C(=O)O2)C(C)C)C,1
CN(C1=CC=CC=C1)C(=O)N2C(=NC(=N2)C3=CC=C(C=C3)Cl)SCC(F)(F)F,1
C[C@@H]1C(=O)NN=C2N1C3=C(C=C(C(=C3)[C@@H](C)C4(CN(C4)C)C)C5=CC=CC=C5F)OC2,1
C[C@@H]1C(=O)NN=C2N1C3=C(C=C(C(=C3)C4CCN(CC4(C)C)C)C5=CC=CC=C5F)OC2,1
C[C@H]1CN(CC[C@H]1C2=CC3=C(C=C2C4=CC=CC=C4F)OCC5=NNC(=O)[C@H](N53)C)C,1
CC1=CC(=C(C=C1NC2=CC3=C(C=C2)C(=O)CCCC3)NC(=O)C4=CSC=C4)F,1
CC1=CN=C(N=C1C2=CC3=C(O2)CCN(C3)C(=O)CC#N)NC4=CC=CC=C4,1
CCN1C(=O)C(=CC(=N1)C2=CC=CC(=C2)C3=C(C=C(C=C3)O)F)NC(=O)NC4=C(C=NC=C4Cl)Cl,1
COC1=CC=C(C2=CC(=NN12)C(F)(F)F)C(=O)CC3=C(C=NC=C3Cl)Cl,1
CC(=O)C1=NN2C(=CC=C(C2=C1)C(=O)NC3=C(C=NC=C3Cl)Cl)OC,1
CN(C1=CC=CC=C1)C(=O)N2C(=NC(=N2)C3=CC=C(C=C3)Cl)SC,1
C1COCCN1CCN(C2=CC3=C(C=C2)N=C(S3)N)C(=O)NC4=CC=C(C=C4)Cl,1
COC1=CC=CC(=C1)C2=CC=C(C=C2)S(=O)(=O)N3CCC34CN(C4)C#N,1
COC1=CC=CC(=C1)C2=CC(=C(C=C2)COC3CN(C3)C#N)OC,1
C1C(CN1C#N)OCC2=CC=C(C=C2)C3=CC=CC=C3,1
COC1=CC=C(C2=CC(=NN12)C3CC3)C(=O)N=C4C(=CN(C=C4Cl)O)Cl,1
CC1=CC(=C(C=C1)S(=O)(=O)N2CCC(CC2)C(=O)NC3CCCCCCC3)C,1
CC1=CN=C(N=C1C2=CC3=C(O2)CCN(C3)S(=O)(=O)C)NC4=CC=CC=C4,1
CC(C#CC1=CC(=CC=C1)C(=O)NCCC(C2=CC=CC=C2)C3=CC=C(C=C3)C(F)(F)F)N(C(=O)N)O,1
CCC1=NN2C(=CC=C(C2=C1)C3=NN(C(=O)CC3)CCCCOC4=CC=C(C=C4)C5=NNC(=O)CC5C)OC,1
COC1=CC=C(C2=CC=NN21)C(=O)N=C3C(=CN(C=C3Cl)O)Cl,1
CC1=C(C=C(C=C1)C(=O)NC2=CC(=CC(=C2)OC)OC)C#CC3=C(N=CC(=C3)C4=CN(N=C4)C)N,1
CS(=O)(=O)CC(=O)N1CCC(CC1)C2=CC(=C(C=C2)NC(=O)C3=NC=C(N3)C#N)C4=CCCCC4,1
C1C(CN1C#N)OCC2=C(C=C(C=C2)OC3=CC=CC=C3)C4=CC=C(C=C4)C#N,1
CN1CCN(CC1)CC2=CC=C(C=C2)C3=CN4CCCC[C@@H](C(=O)NCCCCCCCCNC5=NC=C3C4=N5)N,1
COC1=C(C=C(C=C1)[C@H](CC2=CC=NC=C2)C3=CC=C(C=C3)NS(=O)(=O)C)OC4CCCC4,1
C[C@H](C#CC1=CC(=CC=C1)C(=O)NCCC(C2=CC=CC=C2)C3=CC=C(C=C3)S(=O)(=O)N)N(C(=O)N)O,1
C[C@H](C#CC1=CC(=CC=C1)C(=O)NCCC(C2=CC=C(C=C2)OC(F)(F)F)C3=CC=C(C=C3)F)N(C(=O)N)O,1
CC1=C(C=C(C=C1)C(=O)NC2=CC=CC(=C2)C(F)(F)F)C#CC3=C(N=CC(=C3)C4=CN(N=C4)C)N,1
CCN1C(=O)C(=CC(=N1)C2=CC=CC(=C2)C3=CC(=C(C=C3)O)F)NC(=O)NC4=C(C=NC=C4Cl)Cl,1
CC(=O)N1CCC(CC1)C2=CC(=C(C=C2)NC(=O)C3=NC=C(N3)C#N)C4=CCCCC4,1
CC1=CC(=C(C=C1)S(=O)(=O)N2CCC(CC2)C(=O)NC3=CC4=CC=CC=C4N=C3)C,1
CC1CC(=O)N(N=C1C2=CC=C(N3C2=CC(=N3)C(F)(F)F)OC)CCCCOC4=C(C(=C(C=C4)C5=NNC(=O)CC5)F)F,1
CCN1C(=O)C(=CC(=N1)C2=CC=CC(=C2)C3=CC(=CC=C3)C(=O)O)NC(=O)NC4=C(C=NC=C4Cl)Cl,1
C[C@H](C#CC1=CC(=CC=C1)C(=O)NCCC(C2=CC=CC=C2)C3=CC(=C(C=C3)Cl)Cl)N(C(=O)N)O,1
C1CC1COC2=C(C=CC(=C2)[C@H](CC3=C(C=[N+](C=C3Cl)[O-])Cl)OC(=O)C4=CC=C(C=C4)C#N)OC(F)F,1
C1CN(CCC1CC2=CC(=CC=C2)OC3=NC=C(C=C3)C(F)(F)F)C(=O)NC4=CN=CC=C4,1
C1=CC(=CC=C1C2=CC(=C(C=C2C3=CC(=C(C=C3)F)Cl)F)F)S(=O)(=O)N,1
CC1=C(C=CC(=C1)C2=CC(=C(C=C2C3=CC=C(C=C3)S(=O)(=O)N)F)F)F,1
C[C@H]1CCCCN1C2=NN=C3N2C=C(C=C3)O[C@@H]4CC[C@@H](C5=CC=CC=C45)NC(=O)NC6=CC(=NN6C7=NC(=CC=C7)OCCN(C)C)C(C)(C)C,1
CC(C#CC1=CC(=CC=C1)C(=O)NCCC(C2=CC=CC=C2)C3=CC=C(C=C3)Cl)N(C(=O)N)O,1
CC(C#CC1=CC(=CC=C1)C(=O)NCCC(C2=CC=CC=C2)C3=CC=CC=C3)N(C(=O)N)O,1
CC(C#CC1=CC(=CC=C1)C(=O)NCCC(C2=CC=CC=C2)C3=CC=C(C=C3)F)N(C(=O)N)O,1
CN1CCN(CC1)CC2=CC=C(C=C2)CN3C(=O)[C@@H]4CC=CC[C@@H]4C(=N3)C5=CC(=C(C=C5)OC)OC,1
CC1=C(C=C(C=C1)C(=O)NC2=C(C=CC(=C2)C(F)(F)F)N3CCN(C3=O)C)C4=CC5=CN=C(N=C5C=C4)NC,1
CC1=C(C=C(C=C1)C(=O)NC2=C(C=CC(=C2)C(F)(F)F)N3CC(C3=O)(C)C)C4=CC5=CN=C(N=C5C=C4)NC,1
CC1=C(C(=O)ON1C(=O)N2CCCCC2)C(C)C,1
CC1=C(C(=O)ON1C(=O)N(C)CC2=CC=CS2)C(C)C,1
COC1=CC=CC=C1CC(=O)NC2=CC(=C(C=C2)OC3=CC(=CC=C3)Cl)S(=O)(=O)N,1
C1=CC=C(C=C1)COC2=C(C=C(C=C2)NC(=O)CC3=CC=CC=C3Cl)S(=O)(=O)N,1
C[C@H]1CN(CC[C@H]1C2=CC3=C(C=C2C4=C(C=CC=C4F)F)OCC5=NNC(=O)[C@H](N53)C)C,1
C[C@H]1CN(CC[C@H]1C2=CC3=C(C=C2C4=C(C=C(C=C4)C)F)OCC5=NNC(=O)[C@H](N53)C)C,1
C[C@H]1CN(CC[C@H]1C2=CC3=C(C=C2C4=C(C=C(C=C4)OC)F)OCC5=NNC(=O)[C@H](N53)C)C,1
CN1CCN(CC1)C2=CC(=C(C=C2)NC(=O)C3=CC(=CN3)C#N)N4CCCCC4,1
CS(=O)(=O)NC1=CC(=C(C=C1)C(=O)O[C@@H](CC2=C(C=[N+](C=C2Cl)[O-])Cl)C3=CC(=C(C=C3)OC(F)F)OCC4CC4)OCC5CC5,1
CCC1=CC=C(C=C1)NC(=O)N(CCN2CCOCC2)C3=CC4=C(C=C3)N=C(S4)N,1
C1CC1COC2=C(C=CC(=C2)[C@H](CC3=C(C=[N+](C=C3Cl)[O-])Cl)OC(=O)C4=CC=C(C=C4)Cl)OC(F)F,1
CN(C)S(=O)(=O)C1=C(C=CC(=C1)C(=O)O[C@@H](CC2=C(C=[N+](C=C2Cl)[O-])Cl)C3=CC(=C(C=C3)OC(F)F)OCC4CC4)OC,1
CC1=CC2=C(C=C1)SC(=N2)C3=CC=C(C=C3)NC(=O)C4CCN(CC4)S(=O)(=O)C5=CC=CC=C5Cl,1
CC1(CN(C1)C#N)OCC2=CC=C(C=C2)C3=CC(=CC=C3)OC,1
C1CCC(=CC1)C2=C(C=CC(=C2)C3CCN(CC3)CCC#N)NC(=O)C4=NC=C(N4)C#N,1
CSC1=NC(=NN1C(=O)N2CCCCC2)C3=CC=C(C=C3)Cl,1
CC1=CC=C(C=C1)C2=NN(C(=N2)SC)C(=O)N(C)C3=CC=CC=C3,1
CN(C)C(=O)N1C(=NC(=N1)C2=CC=C(C=C2)OC(F)(F)F)SC,1
CN(C)C(=O)N1C(=NC(=N1)C2=CC=C(C=C2)C(F)(F)F)SC,1
C1CC1COC2=C(C=CC(=C2)[C@H](CC3=C(C=[N+](C=C3Cl)[O-])Cl)OC(=O)C4=CC=CC=C4)OC(F)F,1
CCC1=NN2C(=CC=C(C2=C1)C3=NN(C(=O)CC3C)CCCCOC4=CC=C(C=C4)C5=NNC(=O)CC5C)OC,1
CC1=CC(=C(C=C1)S(=O)(=O)N2CCC(CC2)C(=O)NC34CC5CC(C3)CC(C5)C4)C,1
C1CCC(=CC1)C2=C(C=CC(=C2)C3CCN(CC3)C(=O)CC4=CN=CC=C4)NC(=O)C5=NC=C(N5)C#N,1
CC1=CN=C(N=C1C2=CC3=C(O2)CCN(C3)C(=O)CC#N)NC4=CC(=C(C(=C4)OC)OC)OC,1
CC1=CN=C(N=C1C2=CC3=C(O2)CCN(C3)C(=O)CC#N)NC4=CC=C(C=C4)N5CCN(CC5)C,1
C[C@H](C#CC1=CC(=CC=C1)C(=O)NCCC(C2=CC=C(C=C2)C(F)(F)F)C3=CC=C(C=C3)F)N(C(=O)N)O,1
C1C(CN1C#N)OCC2=CC=C(C=C2)C3=CC=C(C=C3)C(F)(F)F,1
COC1=C(C=C(C=C1)C2=CC3=C(CN(C3)C4CN(C4)C#N)C=C2)F,1
CC1=CC(=C(C=C1)S(=O)(=O)N2CCC(CC2)C(=O)NC3=CC=C(C=C3)S(=O)(=O)C(F)(F)F)C,1
COC1=CC(=C(C=C1CNC[C@@H](C2=C3C=CC(=O)NC3=C(C=C2)O)O)Cl)NC(=O)CCN4CCC(CC4)OC(=O)NC5=CC=CC=C5C6=CC=CC=C6,1
CN(CCOC(=O)NC1=C(C=C(C(=C1)OC)CNC[C@@H](C2=C3C=CC(=O)NC3=C(C=C2)O)O)Cl)C4CCC(CC4)OC(=O)C(C5=CC=CS5)(C6=CC=CS6)O,1
CN(CCCN1C2=C(C=C(C=C2)CNC[C@@H](C3=C4C=CC(=O)NC4=C(C=C3)O)O)N=N1)C5CCC(CC5)OC(=O)C(C6=CC=CS6)(C7=CC=CS7)O,1
CC(C)C1=NC=C(S1)C(=O)N2CCOC3(C2)CCN(CC3)CC4=CC(=C(C=C4)F)CCNC[C@@H](C5=C6C(=C(C=C5)O)NC(=O)S6)O,1
CC1(CN(C1)C#N)NC(=O)C2=CC=C(C=C2)C3=CC(=CC=C3)OC,1
COC1=CC=C(C2=CC(=NN12)C(F)(F)F)C(=O)N=C3C(=CN(C=C3Cl)O)Cl,1
CS(=O)(=O)CCN1CCC(CC1)C2=CC(=C(C=C2)NC(=O)C3=NC=C(N3)C#N)C4=CCCCC4,1
COC1=C(C=C(C=C1)C2=NN(C(=O)[C@H]3[C@@H]2CC=CC3)CC4=CC=CC(=C4)CN5CCOCC5)OC,1
C1C(CN1C#N)OCC2=CC=C(C=C2)C3=CC(=CC=C3)OCC4=CC=CC=C4,1
CC1=C(C=C(C=C1)C(=O)NC2=CC=C(C=C2)OC)C#CC3=C(N=CC(=C3)C4=CN(N=C4)C)N,1
CC1=C(C=C(C=C1)C(=O)NC2=CC(=CC=C2)OC)C#CC3=C(N=CC(=C3)C4=CN(N=C4)C)N,1
CCN1C(=O)C(=CC(=N1)C2=CC=CC(=C2)C3=CC=CC=C3O)NC(=O)NC4=C(C=NC=C4Cl)Cl,1
CC1CC(=O)N(N=C1C2=CC=C(N3C2=CC(=N3)C(F)(F)F)OC)CCCCOC4=C(C=C(C=C4)C5=NNC(=O)C5(C)C)F,1
C1CCC(=CC1)C2=C(C=CC(=C2)C3CCN(CC3)CC(=O)N)NC(=O)C4=NC=C(N4)C#N,1
COC1=C(C=C(C=C1)C(=O)O[C@@H](CC2=C(C=[N+](C=C2Cl)[O-])Cl)C3=CC(=C(C=C3)OC(F)F)OCC4CC4)OC5=CC=CC=C5,1
CS(=O)(=O)NC1=CC=CC(=C1OCC2CC2)C(=O)O[C@@H](CC3=C(C=[N+](C=C3Cl)[O-])Cl)C4=CC(=C(C=C4)OC(F)F)OCC5CC5,1
CC(C)(C)C1=NN(C(=C1)NC(=O)N[C@H]2CC[C@H](C3=CC=CC=C23)OC4=CN5C(=NN=C5N6CCCCC6)C=C4)C7=CC=CC(=C7)CN8CCCCC8,1
COC1=C(C=C(C=C1)C2=NN(C(=O)[C@H]3[C@@H]2CC=CC3)CC4=CC=CC=C4CN5CCOCC5)OC,1
COC1=C(C=C(C=C1)C2=NN(C(=O)[C@H]3[C@@H]2CC=CC3)CC4=CC=C(C=C4)CN5CCC6(CC5)OCCO6)OC,1
CC1=C(C=C(C=C1)C(=O)NC2=CC(=CC=C2)Cl)C#CC3=C(N=CC(=C3)C4=CN(N=C4)C)N,1
CCN1C(=O)C(=CC(=N1)C2=CC=CC(=C2)C3=C(C=C(C=C3)F)O)NC(=O)NC4=C(C=NC=C4Cl)Cl,1
CC(C)(C(=O)N1CCC(CC1)C2=CC(=C(C=C2)NC(=O)C3=NC=C(N3)C#N)C4=CCCCC4)N,1
C[C@H](C#CC1=CC(=CC=C1)C(=O)NCCC(C2=CC=C(C=C2)F)C3=CC=C(C=C3)F)N(C(=O)N)O,1
CC1=CC(=C(C=C1)S(=O)(=O)N2CCC(CC2)C(=O)NC3=CC=CC=C3O)C,1
CC1=CC=C(C=C1)N2C(=CC(=N2)C(C)(C)C)NC(=O)N[C@H]3CC[C@H](C4=CC=CC=C34)OC5=CN6C(=NN=C6N7CCOCC7)C=C5,1
C1C(CN1C#N)OCC2=CC=C(C=C2)OC3=CC=CC=C3,1
CCN1C(=O)C(=CC(=N1)C2=CC=CC(=C2)C3=CNC(=O)C=C3)NC(=O)NC4=C(C=NC=C4Cl)Cl,1
C1CC1COC2=C(C=CC(=C2)[C@H](CC3=C(C=[N+](C=C3Cl)[O-])Cl)OC(=O)C4=CC(=C(C=C4)OC(F)F)OCC5CC5)OC(F)F,1
CC1=CC(=C(C=C1)S(=O)(=O)N2CCC(CC2)C(=O)NC3=CC=CC=C3F)C,1
C1CCC(=CC1)C2=C(C=CC(=C2)C3CCNCC3)NC(=O)C4=NC=C(N4)C#N.C(=O)(C(F)(F)F)O,1
CN(C1=CC=CC=C1)C(=O)N2C(=NC(=N2)C3=CC=C(C=C3)Cl)SCC4CC4,1
CCCSC1=NC(=NN1C(=O)N(C)C)C2=CC=C(C=C2)Cl,1
CS(=O)(=O)NC1=C(C=C(C=C1)C(=O)O[C@@H](CC2=C(C=[N+](C=C2Cl)[O-])Cl)C3=CC(=C(C=C3)OC(F)F)OCC4CC4)CO,1
C1C(CN1C#N)OCC2=C(C=C(C=C2)OC3=CC=CC=C3)Br,1
C[C@@H]1CCN(C[C@@H]1N(C)C2=NC=NC3=C2C=CN3)C(=O)CC#N,1
CC1=CC=C(C=C1)N2C(=CC(=N2)C(C)(C)C)NC(=O)N[C@H]3CC[C@H](C4=CC=CC=C34)OC5=CN6C(=NN=C6N7CCN(CC7)C)C=C5,1
COC1=C(C=C(C=C1)C2=NN(C(=O)[C@H]3[C@@H]2CCCC3)CC4=CC=CC=C4CN5CCOCC5)OC,1
C1=CC=C(C=C1)C#CC2=NC=C(C=C2)C3=C(NC(=N3)C4=C(C=CC=C4Cl)F)Br,1
CC1=C(C=C(C=C1)C(=O)NC2=CC=C(C=C2)OC3CCN(CC3)C)C4=CC5=CN=C(N=C5C=C4)NC,1
CC1=C(C=C(C=C1)C(=O)NC2=CC=CC(=C2C)C(F)(F)F)C3=CC4=CN=C(N=C4C=C3)NC5=CC=CC=C5,1
COC1=C(C(=C(C=C1)C(=O)CC2=C(C=NC=C2Cl)Cl)OCC(=O)NC3=CC=CC=C3)OC,1
CC1=C(C(=CC=C1)C)NC2=NC3=CC=CC=C3N2C4=NC=NC(=N4)NC5=CC(=C(C(=C5)OC)OC)OC,1
CCCCC1=C(N(OC1=O)C(=O)N2CCC(CC2)C)C,1
CC1CCN(CC1)C2=C(C=CC(=C2)N3CCN(CC3)C)NC(=O)C4=CC=C(O4)C#N,1
CS(=O)(=O)NC1=C(C=C(C=C1)C(=O)O[C@@H](CC2=C(C=[N+](C=C2Cl)[O-])Cl)C3=CC(=C(C=C3)OC(F)F)OCC4CC4)OCC5=CC=CC=C5,1
CC(=O)OC1=C(C=CC(=C1)C(=O)O[C@@H](CC2=C(C=[N+](C=C2Cl)[O-])Cl)C3=CC(=C(C=C3)OC(F)F)OCC4CC4)OC,1
CC1=C(C=C(C=C1)C(=O)O[C@@H](CC2=C(C=[N+](C=C2Cl)[O-])Cl)C3=CC(=C(C=C3)OC(F)F)OCC4CC4)NS(=O)(=O)C,1
COC1=CC=C(C=C1)C2=CC=C(C=C2)COC3CN(C3)C#N,1
CS(=O)(=O)NC1=CC(=CC(=C1)C(=O)O[C@@H](CC2=C(C=[N+](C=C2Cl)[O-])Cl)C3=CC(=C(C=C3)OC(F)F)OCC4CC4)OCC5CC5,1
COC1=C(C=C(C=C1)C2=NN(C(=O)[C@H]3[C@@H]2CC=CC3)CC4=CC=C(C=C4)CN5CCOCC5)OC,1
COC1=C(C=C(C=C1)C2=NN(C(=O)[C@H]3[C@@H]2CC=CC3)CC4=CC=C(C=C4)CN5CCC(=O)CC5)OC,1
CCN1C(=O)C(=CC(=N1)C2=CC=CC(=C2)C3=CC=C(C=C3)O)NC(=O)NC4=C(C=NC=C4Cl)Cl,1
CC1=CC(=C(C=C1C2=CC3=CN=C(N=C3C=C2)N)C(=O)NC4=CC=CC(=C4)C(F)(F)F)F,1
COC1=CC=CC(=C1)C2=CC=C(C=C2)COC3CN(C3)C#N,1
COC1=C(C=C(C=C1)NS(=O)(=O)C)C(=O)O[C@@H](CC2=C(C=[N+](C=C2Cl)[O-])Cl)C3=CC(=C(C=C3)OC(F)F)OCC4CC4,1
COC1=CC=CC(=C1OC)C2=CC=C(C=C2)COC3CN(C3)C#N,1
CCN1C(=O)C(=CC(=N1)C2=CC=CC(=C2)C3=CC(=CC(=C3)OCC4CC4)C(=O)NCCN5CCCCC5)NC(=O)NC6=C(C=NC=C6Cl)Cl,1
CCN1C(=O)C(=CC(=N1)C2=CC=CC(=C2)C3=C(C=CC(=C3)F)O)NC(=O)NC4=C(C=NC=C4Cl)Cl,1
COC1=CC=CC(=C1)C2=CC(=C(C=C2)COC3CN(C3)C#N)C(F)(F)F,1
C1CC1COC2=C(C=CC(=C2)[C@H](CC3=C(C=[N+](C=C3Cl)[O-])Cl)OC(=O)C4=CC(=C(C=C4)O)OCC5CC5)OC(F)F,1
CC(C)(C)C1=NN(C(=C1)NC(=O)N[C@H]2CC[C@H](C3=CC=CC=C23)OC4=CN5C(=NN=C5N6CCCCC6)C=C4)C7=CC=CC(=C7)CN8CCNCC8,1
CC(C)C1=NN=C2N1C=C(C=C2)O[C@@H]3CC[C@@H](C4=CC=CC=C34)NC(=O)NC5=CC(=NN5C6=CC(=CC=C6)OCCN(C)C)C(C)(C)C,1
CCN1C(=O)C(=CC(=N1)C2=CC=CC(=C2)C3=C(C(=CC=C3)O)F)NC(=O)NC4=C(C=NC=C4Cl)Cl,1
COC1=C(C=C(C=C1)[C@H](CC2=CC=NC=C2)C3=CC=C(C=C3)N4CCCS4(=O)=O)OC5CCCC5,1
CC1CCN(CC1)C2=C(C=CC(=C2)N3CCN(CC3)C)NC(=O)C4=CC(=CN4)C#N,1
CN1CCN(CC1)C2=CC(=C(C=C2)NC(=O)C3=CC=C(O3)C#N)N4CCCCC4,1
CC1(C(=NN(C1=O)CCCCOC2=C(C(=C(C=C2)C3=NNC(=O)CC3)F)F)C4=C5C(=C(C=C4)OC)N=C(S5)C(F)(F)F)C,1
COC1=C(C=C(C=C1)C(=O)O[C@@H](CC2=C(C=[N+](C=C2Cl)[O-])Cl)C3=CC(=C(C=C3)OC(F)F)OCC4CC4)O,1
CC1=NC(=NC(=N1)N[C@H]2CCC[C@H](C2)C(=O)NCC3=C(C=C(C=C3)C#N)C(F)(F)F)NC,1
COC1=C(C=C(C=C1)C2=NN(C(=O)[C@H]3[C@@H]2CC=CC3)CC4=CC=C(C=C4)CN5C=CN=C5)OC,1
CC1=C(C=C(C=C1)C(=O)NC2=CC=C(C=C2)Cl)C#CC3=C(N=CC(=C3)C4=CN(N=C4)C)N,1
CCN1C(=O)C(=CC(=N1)C2=CC=CC(=C2)C3=CC(=CC=C3)O)NC(=O)NC4=C(C=NC=C4Cl)Cl,1
CC(C)(CCC1=CC2=C(C=C1)C3=C(C4=C2C=C(C=C4)Cl)N=C(N3)C5=C(C=CC=C5C#N)C#N)O,1
C1CC1COC2=C(C=CC(=C2)[C@H](CC3=C(C=[N+](C=C3Cl)[O-])Cl)OC(=O)C4=CC(=C(C=C4)CO)OCC5CC5)OC(F)F,1
C1CC1COC2=C(C=CC(=C2)[C@H](CC3=C(C=[N+](C=C3Cl)[O-])Cl)OC(=O)C4=CC(=C(C=C4)[N+](=O)[O-])OCC5CC5)OC(F)F,1
C1C(CN1C#N)OCC2=CC=C(C=C2)C3=CC=C(C=C3)F,1
CCN1C(=O)C(=CC(=N1)C2=CC=CC(=C2)C3=CC=C(C=C3)CC(=O)O)NC(=O)NC4=C(C=NC=C4Cl)Cl,1
CC(=O)NC1=C(C=CC(=C1)C(=O)O[C@@H](CC2=C(C=[N+](C=C2Cl)[O-])Cl)C3=CC(=C(C=C3)OC(F)F)OCC4CC4)OC,1
CC1CC(=O)NN=C1C2=CC=C(C=C2)OCCN3C(=O)CC(C(=N3)C4=CC=C(N5C4=CC(=N5)C(F)(F)F)OC)C,1
CC1=CC=C(C=C1)C(=O)O[C@@H](CC2=C(C=[N+](C=C2Cl)[O-])Cl)C3=CC(=C(C=C3)OC(F)F)OCC4CC4,1
CN(C)C1=C(C=C(C=C1)C(=O)O[C@@H](CC2=C(C=[N+](C=C2Cl)[O-])Cl)C3=CC(=C(C=C3)OC(F)F)OCC4CC4)OCC5CC5,1
CC(C)(C)C1=NN(C(=C1)NC(=O)N[C@H]2CC[C@H](C3=CC=CC=C23)OC4=CN5C(=NN=C5N6CCCCC6)C=C4)C7=CC(=CC=C7)OCCN(C)C,1
CC(C)(C)C1=NN(C(=C1)NC(=O)N[C@H]2CC[C@H](C3=CC=CC=C23)OC4=CN5C(=NN=C5N6CCCCC6)C=C4)C7=CC=CC(=C7)CO,1
CC(C)(C)C1=NN(C(=C1)NC(=O)N[C@H]2CC[C@H](C3=CC=CC=C23)OC4=CN5C(=NN=C5N6CCCCC6)C=C4)C7=CC=C(C=C7)CN8CCN(CC8)C,1
CCC1=NN2C(=CC=C(C2=C1)C3=NN(C(=O)C3(C)C)CCCCOC4=CC=C(C=C4)C5=NNC(=O)CC5C)OC,1
CC1=C(C=C(C=C1)C(=O)NC2=CC=CC(=C2C)C(F)(F)F)C3=CC4=CN=C(N=C4C=C3)N,1
CC1=C(C=C(C=C1)C(=O)NC2=CC=CC(=C2C)C(F)(F)F)C3=CC4=CN=C(N=C4C=C3)NC5CCN(CC5)C,1
CC1=CC(=C(C=C1)S(=O)(=O)N2CCC(CC2)C(=O)NC3=CC4=C(C=C3)C=C(C=C4)C(=O)O)C,1
CC1=CC(=C(C=C1)S(=O)(=O)N2CCC(CC2)C(=O)NC3=CC=CC=C3Br)C,1
CCN1C(=O)C(=CC(=N1)C2=CC=CC(=C2)C3=CC=C(C=C3)CC(=O)NCCCCCCCN(C)CCO)NC(=O)NC4=C(C=NC=C4Cl)Cl,1
CCN1C(=O)C(=CC(=N1)C2=CC=CC(=C2)C3=CC=C(C=C3)C(=O)O)NC(=O)NC4=C(C=NC=C4Cl)Cl,1
CC(C)(C1=CC2=NN(C=C2C=C1NC(=O)C3=NC(=CC=C3)C(F)(F)F)CCN(C)C)O,1
CCN1C(=O)C(=CC(=N1)C2=CC=CC(=C2)C3=CC=CC(=C3)CC(=O)O)NC(=O)NC4=C(C=NC=C4Cl)Cl,1
CC1=CC=C(C=C1)C2=NN(C(=N2)SC)C(=O)N(C)C,1
CS(=O)(=O)NC1=C(C=CC(=C1)C(=O)O[C@@H](CC2=C(C=[N+](C=C2Cl)[O-])Cl)C3=CC(=C(C=C3)OC(F)F)OCC4CC4)OCC5=CC=CC=C5,1
CCN1C(=O)C(=CC(=N1)C2=CC=CC(=C2)C3=CC=C(C=C3)CC(=O)NCCN4CCCCC4)NC(=O)NC5=C(C=NC=C5Cl)Cl,1
COC1=CC=C(C2=CC(=NN12)C3CC3)C(=O)NC4=C(C=NC=C4Cl)Cl,1
CC1=CN=C(N=C1C2=CC3=C(O2)CCN(C3)C(=O)CC#N)NC4=CC=C(C=C4)N5CCOCC5,1
CC1=CC=C(C=C1)N2C(=CC(=N2)C(C)(C)C)NC(=O)N[C@H]3CC[C@H](C4=CC=CC=C34)OC5=CN6C(=NN=C6N7CCC(CC7)O)C=C5,1
CC1=CC=C(C=C1)N2C(=CC(=N2)C(C)(C)C)NC(=O)N[C@H]3CC[C@H](C4=CC=CC=C34)OC5=CN6C(=NN=C6N7CCCC7)C=C5,1
C[C@H]1CCCCN1C2=NN=C3N2C=C(C=C3)O[C@@H]4CC[C@@H](C5=CC=CC=C45)NC(=O)NC6=CC(=NN6C7=CN(N=C7)CCN8CCOCC8)C(C)(C)C,1
CC(C)(C)C1=NN(C(=C1)NC(=O)N[C@H]2CC[C@H](C3=CC=CC=C23)OC4=CN5C(=NN=C5N6CCCCC6)C=C4)C7=CC(=C(C=C7)Cl)O,1
C[C@H]1CCCCC1C2=NN=C3N2C=C(C=C3)O[C@@H]4CC[C@@H](C5=CC=CC=C45)NC(=O)NC6=CC(=NN6C7=CC(=CC=C7)OCCN8CCOCC8)C(C)(C)C,1
CC1CC(=O)N(N=C1C2=CC=C(N3C2=CC(=N3)C(F)(F)F)OC)CCCCOC4=CC=C(C=C4)C5=NNC(=O)C5(C)C,1
CC1CC(=O)NN=C1C2=CC(=CC=C2)OCCCCN3C(=O)CC(C(=N3)C4=CC=C(N5C4=CC(=N5)C(F)(F)F)OC)C,1
CC1=C(C=C(C=C1)C(=O)NC2=CC(=C(C=C2)Cl)C(F)(F)F)C3=CC4=CN=C(N=C4C=C3)NC,1
CCN(CC)CC(=O)NC1=C(C=C(C=C1)C(F)(F)F)NC(=O)C2=CC(=C(C=C2)C)C3=CC4=CN=C(N=C4C=C3)NC,1
CC1=C(C=C(C=C1)C(=O)NC2=C(C=CC(=C2)C(F)(F)F)OC3CCN(CC3)C)C4=CC5=CN=C(N=C5C=C4)NC,1
CC1=CC(=C(C=C1C2=CC3=CN=C(N=C3C=C2)NC)C(=O)NC4=CC=CC(=C4)C(F)(F)F)F,1
COC1=CC=CC(=C1)C2=CC(=C(C=C2)COC3CN(C3)C#N)F,1
COC1=CC=C(C=C1)C(=O)O[C@@H](CC2=C(C=[N+](C=C2Cl)[O-])Cl)C3=CC(=C(C=C3)OC(F)F)OCC4CC4,1
CC1=CC=C(C=C1)C2=CC=C(C=C2)COC3CN(C3)C#N,1
CCN1C(=O)C(=CC(=N1)C2=CC=CC(=C2)C3=CC(=CC=C3)C(=O)NCCN4CCCCC4)NC(=O)NC5=C(C=NC=C5Cl)Cl,1
COC1=C(C=CC(=C1)NS(=O)(=O)C)C(=O)O[C@@H](CC2=C(C=[N+](C=C2Cl)[O-])Cl)C3=CC(=C(C=C3)OC(F)F)OCC4CC4,1
CC(C)(C)C1=CC=C(C=C1)C(=O)NC2=CC=C(C=C2)N3C(=O)OC(=N3)OC,1
CC1=C(C=CC(=C1)C(=O)O[C@@H](CC2=C(C=[N+](C=C2Cl)[O-])Cl)C3=CC(=C(C=C3)OC(F)F)OCC4CC4)NS(=O)(=O)C,1
C[C@H]1CCCCN1C2=NN=C3N2C=C(C=C3)O[C@@H]4CC[C@@H](C5=CC=CC=C45)NC(=O)NC6=CC(=NN6C7=CN(N=C7)CCN8CCCOCC8)C(C)(C)C,1
C[C@H]1CCCCN1C2=NN=C3N2C=C(C=C3)O[C@@H]4CC[C@@H](C5=CC=CC=C45)NC(=O)NC6=CC(=NN6C7=CN(N=C7)CCN8CCC(CC8)O)C(C)(C)C,1
CC(C)C1=NN=C2N1C=C(C=C2)O[C@@H]3CC[C@@H](C4=CC=CC=C34)NC(=O)NC5=CC(=NN5C6=CC(=CC=C6)OCCO)C(C)(C)C,1
CC(C)(C)C1=NN(C(=C1)NC(=O)N[C@H]2CC[C@H](C3=CC=CC=C23)OC4=CN5C(=NN=C5N6CCC(CC6)O)C=C4)C7=CC=C(C=C7)CO,1
COC1=C(C=C(C=C1)C2=NN(C(=O)[C@H]3[C@@H]2CC=CC3)C/C=C/CN4C=CN=C4)OC,1
CCN1C(=O)C(=CC(=N1)C2=CC=CC(=C2)C3=CC(=CC(=C3)C(=O)NC4CC4)C(=O)NC5CC5)NC(=O)NC6=C(C=NC=C6Cl)Cl,1
CC1=C(C=C(C=C1)C(=O)NC2=C(C=CC(=C2)C(F)(F)F)NC(=O)NCCN3CCOCC3)C4=CC5=CN=C(N=C5C=C4)NC,1
C1=CC(=CC(=C1)NC(=O)C2=CC(=C(C=C2)Cl)C3=CC4=CN=C(N=C4C=C3)N)C(F)(F)F,1
CC1=C(C=C(C=C1)C(=O)NC2=CC=CC(=C2C)C(F)(F)F)C3=CC4=CN=C(N=C4C=C3)NCCCN5CCOCC5,1
CC1=CC(=C(C=C1)S(=O)(=O)N2CCC(CC2)C(=O)NC3=CC=C(C=C3)O)C,1
CC1(C(=NNC1=O)C2=C(C(=C(C=C2)OCCCCN3C(=O)C(C(=N3)C4=C5C(=C(C=C4)OC)N=C(S5)C(F)(F)F)(C)C)F)F)C,1
COC1=C(C=CC(=C1)C(=O)O[C@@H](CC2=C(C=[N+](C=C2Cl)[O-])Cl)C3=CC(=C(C=C3)OC(F)F)OCC4CC4)NS(=O)(=O)C,1
CCNC(=O)C1=CC(=CC(=C1)C2=CC(=CC=C2)C3=NN(C(=O)C(=C3)NC(=O)NC4=C(C=NC=C4Cl)Cl)CC)C(=O)NCCCN(C)C,1
CN(C)C(=O)N1C(=NC(=N1)C2=CC=C(C=C2)Cl)SC,1
COC1=C(C=C(C=C1)C2=CC(=C(C=C2)COC3(CN(C3)C#N)C4CC4)F)F,1
CCN1C(=O)C(=CC(=N1)C2=CC=CC(=C2)C3=CC(=CC(=C3)C(=O)NC4CC4)C(=O)NCCN5CCCCC5)NC(=O)NC6=C(C=NC=C6Cl)Cl,1
CCN1C(=O)C(=CC(=N1)C2=CC=CC(=C2)C3=CC(=CC=C3)C(=O)NCCN4CCNCC4)NC(=O)NC5=C(C=NC=C5Cl)Cl,1
C1CC1COC2=C(C=CC(=C2)[C@H](CC3=C(C=[N+](C=C3Cl)[O-])Cl)OC(=O)C4=CC(=C(C=C4)NS(=O)(=O)C5CC5)OCC6CC6)OC(F)F,1
CCN1C(=O)C(=CC(=N1)C2=CC=CC(=C2)C3=CC(=CC(=C3)C(=O)NCCO)C(=O)NCCN4CCCCC4)NC(=O)NC5=C(C=NC=C5Cl)Cl,1
CC1=CC=C(C=C1)N2C(=CC(=N2)C(C)(C)C)NC(=O)N[C@H]3CC[C@H](C4=CC=CC=C34)OC5=CN6C(=NN=C6C7CCCCC7)C=C5,1
C[C@H]1CCCCN1C2=NN=C3N2C=C(C=C3)O[C@@H]4CC[C@@H](C5=CC=CC=C45)NC(=O)NC6=CC(=NN6C7=CN(N=C7)CCN8CCN(CC8)C)C(C)(C)C,1
C[C@H]1CCCCN1C2=NN=C3N2C=C(C=C3)O[C@@H]4CC[C@@H](C5=CC=CC=C45)NC(=O)NC6=CC(=NN6C7=CC(=NN=C7)OCCN(C)C)C(C)(C)C,1
C[C@H]1CCCCN1C2=NN=C3N2C=C(C=C3)O[C@@H]4CC[C@@H](C5=CC=CC=C45)NC(=O)NC6=CC(=NN6C7=CC(=CC=C7)OCCN8CCN(CC8)C)C(C)(C)C,1
CC1=CC=C(C=C1)N2C(=CC(=N2)C(C)(C)C)NC(=O)N[C@H]3CC[C@H](C4=CC=CC=C34)OC5=CN6C(=NN=C6N7CCCCC7)C=C5,1
C[C@@H]1CCC[C@@H](N1C2=NN=C3N2C=C(C=C3)O[C@@H]4CC[C@@H](C5=CC=CC=C45)NC(=O)NC6=CC(=NN6C7=CC(=CC=C7)OCCN(C)C)C(C)(C)C)C,1
CC1=CC=C(C=C1)N2C(=CC(=N2)C(C)(C)C)NC(=O)N[C@H]3CC[C@H](C4=CC=CC=C34)OC5=CN6C(=NN=C6N7CCC(CC7)CO)C=C5,1
C[C@H]1CCCCC1C2=NN=C3N2C=C(C=C3)O[C@@H]4CC[C@@H](C5=CC=CC=C45)NC(=O)NC6=CC(=NN6C7=CC=CC(=C7)CN8CCN(CC8)C)C(C)(C)C,1
CC(C)C1=NN=C2N1C=C(C=C2)O[C@@H]3CC[C@@H](C4=CC=CC=C34)NC(=O)NC5=CC(=NN5C)C(C)(C)C,1
COC1=C(C=C(C=C1)C2=NN(C(=O)[C@H]3[C@@H]2CC=CC3)CC4=CC=C(C=C4)CN5CCOCC5)OC.Cl,1
CCN1C(=O)C(=CC(=N1)C2=CC=CC(=C2)C3=CC(=CC=C3)C(=O)NC4CC4)NC(=O)NC5=C(C=NC=C5Cl)Cl,1
CCN1C(=O)C(=CC(=N1)C2=CC=CC(=C2)C3=CC(=CC(=C3)C(=O)NC4CC4)C(=O)NCC[C@H]5CCCN5C)NC(=O)NC6=C(C=NC=C6Cl)Cl,1
CCN1C(=O)C(=CC(=N1)C2=CC=CC(=C2)C3=CC(=CC=C3)C(=O)NCCN(C)C)NC(=O)NC4=C(C=NC=C4Cl)Cl,1
CC1CC(=O)NN=C1C2=CC=C(C=C2)OCCCCN3C(=O)CC(C(=N3)C4=CC=C(N5C4=CC(=N5)C(F)(F)F)OC)C,1
CC1CC(=O)N(N=C1C2=CC=C(N3C2=CC(=N3)C(F)(F)F)OC)CCCCOC4=CC(=C(C=C4)C5=NNC(=O)C5(C)C)F,1
CC1=C(C=C(C=C1)C(=O)NC2=CC=CC3=C2CCC3)C4=CC5=CN=C(N=C5C=C4)NC,1
CC1=C(C=C(C=C1)C(=O)NC2=CC=CC(=C2)C(F)(F)F)C3=CC4=CN=C(N=C4C=C3)NC,1
CC1=C(C=C(C=C1)NC(=O)C2=CC(=CC=C2)C(F)(F)F)C3=CC4=CN=C(N=C4C=C3)NC,1
CCNC(=O)NC1=CC=CC(=C1)[C@@H](CC2=CC=NC=C2)C3=CC(=C(C=C3)OC)OC4CCCC4,1
C1CC1COC2=C(C=CC(=C2)[C@H](CC3=C(C=[N+](C=C3Cl)[O-])Cl)OC(=O)C4=CC(=C(C=C4)C(=O)O)OCC5CC5)OC(F)F,1
CC1CCN(CC1)C2=C(C=CC(=C2)C3CCNCC3)NC(=O)C4=CC=C(O4)C#N,1
CCCCCCNC(=O)OC1=CC=CC(=C1)C2=C(C=C(C=C2)[C@H](C)C(=O)O)F,1
CCN1C(=O)C(=CC(=N1)C2=CC=CC(=C2)C3=CC(=CN=C3)O)NC(=O)NC4=C(C=NC=C4Cl)Cl,1
CCN1C(=O)C(=CC(=N1)C2=CC=CC(=C2)C3=CC(=CC(=C3)C(=O)NC4CCN(CC4)CC5=CC=CC=C5)C(=O)NC6CC6)NC(=O)NC7=C(C=NC=C7Cl)Cl,1
COC1=CC=C(C2=CC(=NN12)C(F)(F)F)C(=O)NC3=C(C=NC=C3Cl)Cl,1
C1COCCN1CCN(C2=CC3=C(C=C2)N=C(S3)N)C(=O)NC4=CC(=C(C=C4)F)Br,1
CNS(=O)(=O)C1=C(C=CC(=C1)C(=O)O[C@@H](CC2=C(C=[N+](C=C2Cl)[O-])Cl)C3=CC(=C(C=C3)OC(F)F)OCC4CC4)OC,1
CCN1C(=O)C(=CC(=N1)C2=CC=CC(=C2)C3=CC(=CC(=C3)OCC)C(=O)NC4CC4)NC(=O)NC5=C(C=NC=C5Cl)Cl,1
CCN1C(=O)C(=CC(=N1)C2=CC=CC(=C2)C3=CC(=CC=C3)C(=O)NCCCCCCCN(C)CCO)NC(=O)NC4=C(C=NC=C4Cl)Cl,1
CC(=O)NC1=C(C=C(C=C1)C(=O)O[C@@H](CC2=C(C=[N+](C=C2Cl)[O-])Cl)C3=CC(=C(C=C3)OC(F)F)OCC4CC4)OCC5CC5,1
C[C@H]1CCCCN1C2=NN=C3N2C=C(C=C3)O[C@@H]4CC[C@@H](C5=CC=CC=C45)NC(=O)NC6=CC(=NN6C7=CN(N=C7)CCN(C)CCOC)C(C)(C)C,1
C[C@H]1CCCCN1C2=NN=C3N2C=C(C=C3)O[C@@H]4CC[C@@H](C5=CC=CC=C45)NC(=O)NC6=CC(=NN6C7=NN(C=C7)CCN(C)C)C(C)(C)C,1
CCN(C)CCN1C=C(C=N1)N2C(=CC(=N2)C(C)(C)C)NC(=O)N[C@H]3CC[C@H](C4=CC=CC=C34)OC5=CN6C(=NN=C6N7CCCC[C@@H]7C)C=C5,1
C[C@@H]1CCCCN1C2=NN=C3N2C=C(C=C3)O[C@@H]4CC[C@@H](C5=CC=CC=C45)NC(=O)NC6=CC(=NN6C7=CC(=CC=C7)OCCN(C)C)C(C)(C)C,1
C[C@H]1CCCCN1C2=NN=C3N2C=C(C=C3)O[C@@H]4CC[C@@H](C5=CC=CC=C45)NC(=O)NC6=CC(=NN6C7=CC(=CC=C7)OCCN(C)C)C(C)(C)C,1
CC1=CC=C(C=C1)N2C(=CC(=N2)C(C)(C)C)NC(=O)N[C@H]3CC[C@H](C4=CC=CC=C34)OC5=CN6C(=NN=C6C(C)C)C=C5,1
CC(C)(C)C1=NN(C(=C1)NC(=O)N[C@H]2CC[C@H](C3=CC=CC=C23)OC4=CN5C(=NN=C5N6CCCCC6)C=C4)C7=CC(=C(C=C7)Cl)OCCN(C)C,1
COC1=C(C=C(C=C1)C(=O)NC2=C(C=NC=C2Cl)Cl)OC3CCCC3,1
CCN1C(=O)C(=CC(=N1)C2=CC=CC(=C2)C3=CC=C(C=C3)C(=O)N)NC(=O)NC4=C(C=NC=C4Cl)Cl,1
CC1CC(=O)NN=C1C2=CC=C(C=C2)OCCCCCN3C(=O)CC(C(=N3)C4=CC=C(N5C4=CC(=N5)C(F)(F)F)OC)C,1
CC1=C(C=C(C=C1)C(=O)NC2=CC=CC(=C2)C(F)(F)F)C3=CC4=CN=C(N=C4C=C3)NCCN5CCOCC5,1
CC1=C(C=C(C=C1)C(=O)NC2=CC=CC(=C2)C(F)(F)F)C3=CC4=CN=C(N=C4C=C3)N,1
COC1=CC=C(C2=CC(=NN12)C(F)F)C(=O)NC3=C(C=NC=C3Cl)Cl,1
CCN1C(=O)C(=CC(=N1)C2=CC=CC(=C2)C3=CC(=CC=C3)C(=O)NCCC4CCCN4C)NC(=O)NC5=C(C=NC=C5Cl)Cl,1
CCN1C(=O)C(=CC(=N1)C2=CC=CC(=C2)C3=CC(=CC(=C3)C#N)C(=O)NC4CC4)NC(=O)NC5=C(C=NC=C5Cl)Cl,1
CNC1=CC=C(C2=CC(=NN12)C(F)(F)F)C(=O)NC3=C(C=NC=C3Cl)Cl,1
CS(=O)(=O)NC1=CC=C(C=C1)C(=O)O[C@@H](CC2=C(C=[N+](C=C2Cl)[O-])Cl)C3=CC(=C(C=C3)OC(F)F)OCC4CC4,1
COC1=CC(=CC(=C1)NS(=O)(=O)C)C(=O)O[C@@H](CC2=C(C=[N+](C=C2Cl)[O-])Cl)C3=CC(=C(C=C3)OC(F)F)OCC4CC4,1
CS(=O)(=O)NC1=C(C=CC(=C1)C(=O)O[C@@H](CC2=C(C=[N+](C=C2Cl)[O-])Cl)C3=CC(=C(C=C3)OC(F)F)OCC4CC4)OCC5CC5,1
COC1=C(C=C(C=C1)C(=O)O[C@@H](CC2=C(C=[N+](C=C2Cl)[O-])Cl)C3=CC(=C(C=C3)OC(F)F)OCC4CC4)OC,1
C1CC1COC2=C(C=CC(=C2)[C@H](CC3=C(C=[N+](C=C3Cl)[O-])Cl)OC(=O)C4=CC(=C(C=C4)N)OCC5CC5)OC(F)F,1
CSC1=CC=C(C2=CC(=NN12)C(F)(F)F)C(=O)NC3=C(C=NC=C3Cl)Cl,1
C1COCCN1CCN(C2=CC3=C(C=C2)N=C(S3)NC(=O)NC4=CC=C(C=C4)Cl)C(=O)NC5=CC=C(C=C5)Cl,1
CC1=CC=C(C=C1)N2C(=CC(=N2)C(C)(C)C)NC(=O)N[C@H]3CC[C@@H](C4=CC=CC=C34)OC5=CN6C(=NN=C6C(C)C)C=C5,1
CC1=CC=C(C=C1)N2C(=CC(=N2)C(C)(C)C)NC(=O)N[C@H]3CC[C@H](C4=CC=CC=C34)OC5=CN6C(=NN=C6C7CCCC7)C=C5,1
C[C@H]1CCCCN1C2=NN=C3N2C=C(C=C3)O[C@@H]4CC[C@@H](C5=CC=CC=C45)NC(=O)NC6=CC(=NN6C7=CN(N=C7)CCN(C)C)C(C)(C)C,1
CC1CC(=O)N(N=C1C2=CC=C(N3C2=CC(=N3)C(F)(F)F)OC)CCCCOC4=CC=C(C=C4)C5=NNC(=O)CC5,1
CCN1C(=O)C(=CC(=N1)C2=CC=CC(=C2)C3=CC(=CC(=C3)C(=O)NC4CC4)C(=O)NCCN5CCOCC5)NC(=O)NC6=C(C=NC=C6Cl)Cl,1
CCN1C(=O)C(=CC(=N1)C2=CC=CC(=C2)C3=CC(=CC=C3)C(=O)N)NC(=O)NC4=C(C=NC=C4Cl)Cl,1
CC(C)C1=NN=C2N1C=C(C=C2)O[C@@H]3CC[C@@H](C4=CC=CC=C34)NC(=O)NC5=CC(=NN5C6=CC(=C(C=C6)O)Cl)C(C)(C)C,1
CCN1C(=O)C(=CC(=N1)C2=CC=CC(=C2)C3=CC(=CC=C3)C(=O)NCCN4CCOCC4)NC(=O)NC5=C(C=NC=C5Cl)Cl,1
CC1=C(C=C(C=C1)C(=O)NC2=CC=CC(=C2C)C(F)(F)F)C3=CC4=CN=C(N=C4C=C3)NC5CC5,1
CC1CC(=O)N(N=C1C2=CC=C(N3C2=CC(=N3)C(F)(F)F)OC)CCCCOC4=CC=CC(=C4)C5=NNC(=O)C5(C)C,1
CC(C)C1=NN=C2N1C=C(C=C2)O[C@@H]3CC[C@@H](C4=CC=CC=C34)NC(=O)NC5=CC(=NN5C6=CC=CC=C6)C(C)(C)C,1
CS(=O)(=O)NC1=C(C=C(C=C1)C(=O)O[C@@H](CC2=C(C=[N+](C=C2Cl)[O-])Cl)C3=CC(=C(C=C3)OC(F)F)OCC4CC4)OCC5CC5,1
COC1=C(C=C(C=C1)C(=O)O[C@@H](CC2=C(C=[N+](C=C2Cl)[O-])Cl)C3=CC(=C(C=C3)OC(F)F)OCC4CC4)NS(=O)(=O)C,1
C[C@@H]1CCC[C@@H](N1C2=NN=C3N2C=C(C=C3)O[C@@H]4CC[C@@H](C5=CC=CC=C45)NC(=O)NC6=CC(=NN6C7=CN(N=C7)CCN(C)C)C(C)(C)C)C,1
CC(C)C1=NN=C2N1C=C(C=C2)O[C@@H]3CC[C@@H](C4=CC=CC=C34)NC(=O)NC5=CC(=NN5C6=CC(=C(C=C6)Cl)O)C(C)(C)C,1
CCN1C(=O)C(=CC(=N1)C2=CC=CC(=C2)C3=CC(=CC(=C3)C(=O)OC)C(=O)NCCCN(C)C)NC(=O)NC4=C(C=NC=C4Cl)Cl,1
COC1=C(C=C(C=C1)C(=O)O[C@@H](CC2=C(C=[N+](C=C2Cl)[O-])Cl)C3=CC(=C(C=C3)OC(F)F)OCC4CC4)OCC5CC5,1
C[C@H]1CCCCN1C2=NN=C3N2C=C(C=C3)O[C@@H]4CC[C@@H](C5=CC=CC=C45)NC(=O)NC6=CC(=NN6C7=CC(=CN=C7)OCCN(C)C)C(C)(C)C,1
CC1=C(C=C(C=C1)C(=O)NC2=CC=CC(=C2C)C(F)(F)F)C3=CC4=CN=C(N=C4C=C3)NC,1
